Date,Electricity_Price_EUR_per_MWh
2015-01-01,24.51
2015-01-02,24.81
2015-01-03,24.73
2015-01-04,29.4
2015-01-05,41.29
2015-01-06,32.3
2015-01-07,32.93
2015-01-08,29.87
2015-01-09,33.31
2015-01-10,28.87
2015-01-11,27.4
2015-01-12,50.22
2015-01-13,48.24
2015-01-14,34.08
2015-01-15,35.42
2015-01-16,33.3
2015-01-17,28.5
2015-01-18,28.24
2015-01-19,38.89
2015-01-20,36.59
2015-01-21,40.69
2015-01-22,41.64
2015-01-23,40.45
2015-01-24,28.95
2015-01-25,28.79
2015-01-26,37.78
2015-01-27,41.72
2015-01-28,32.35
2015-01-29,32.02
2015-01-30,33.71
2015-01-31,28.0
2015-02-01,27.76
2015-02-02,34.97
2015-02-03,38.22
2015-02-04,42.71
2015-02-05,38.03
2015-02-06,33.1
2015-02-07,27.32
2015-02-08,27.54
2015-02-09,39.79
2015-02-10,33.4
2015-02-11,34.14
2015-02-12,38.07
2015-02-13,44.38
2015-02-14,31.29
2015-02-15,28.66
2015-02-16,37.15
2015-02-17,38.07
2015-02-18,36.64
2015-02-19,34.27
2015-02-20,32.56
2015-02-21,27.18
2015-02-22,26.02
2015-02-23,27.78
2015-02-24,33.46
2015-02-25,30.67
2015-02-26,29.18
2015-02-27,31.15
2015-02-28,32.56
2015-03-01,22.33
2015-03-02,30.01
2015-03-03,32.75
2015-03-04,33.9
2015-03-05,35.94
2015-03-06,31.44
2015-03-07,23.48
2015-03-08,21.37
2015-03-09,33.64
2015-03-10,32.83
2015-03-11,32.58
2015-03-12,34.38
2015-03-13,32.53
2015-03-14,26.06
2015-03-15,24.63
2015-03-16,33.48
2015-03-17,31.24
2015-03-18,34.3
2015-03-19,30.72
2015-03-20,30.88
2015-03-21,24.3
2015-03-22,24.37
2015-03-23,31.76
2015-03-24,32.07
2015-03-25,33.09
2015-03-26,29.68
2015-03-27,30.96
2015-03-28,31.67
2015-03-29,25.26
2015-03-30,34.67
2015-03-31,32.86
2015-04-01,37.95
2015-04-02,32.95
2015-04-03,28.11
2015-04-04,25.58
2015-04-05,27.97
2015-04-06,31.68
2015-04-07,34.61
2015-04-08,29.37
2015-04-09,29.34
2015-04-10,33.32
2015-04-11,26.86
2015-04-12,21.45
2015-04-13,31.91
2015-04-14,32.33
2015-04-15,33.11
2015-04-16,33.59
2015-04-17,32.41
2015-04-18,24.18
2015-04-19,23.22
2015-04-20,34.12
2015-04-21,32.67
2015-04-22,31.45
2015-04-23,29.95
2015-04-24,34.35
2015-04-25,27.96
2015-04-26,22.25
2015-04-27,33.43
2015-04-28,29.27
2015-04-29,30.0
2015-04-30,39.36
2015-05-01,25.09
2015-05-02,29.56
2015-05-03,34.63
2015-05-04,36.64
2015-05-05,33.86
2015-05-06,33.19
2015-05-07,39.79
2015-05-08,34.32
2015-05-09,31.17
2015-05-10,29.32
2015-05-11,34.18
2015-05-12,31.39
2015-05-13,34.6
2015-05-14,35.89
2015-05-15,36.61
2015-05-16,37.0
2015-05-17,34.39
2015-05-18,39.59
2015-05-19,40.62
2015-05-20,32.51
2015-05-21,31.99
2015-05-22,28.49
2015-05-23,21.19
2015-05-24,33.6
2015-05-25,35.54
2015-05-26,33.85
2015-05-27,29.74
2015-05-28,34.28
2015-05-29,35.11
2015-05-30,17.44
2015-05-31,14.8
2015-06-01,31.9
2015-06-02,30.94
2015-06-03,30.12
2015-06-04,25.38
2015-06-05,25.73
2015-06-06,19.65
2015-06-07,8.91
2015-06-08,25.55
2015-06-09,41.12
2015-06-10,34.39
2015-06-11,31.61
2015-06-12,35.39
2015-06-13,15.98
2015-06-14,13.7
2015-06-15,27.23
2015-06-16,23.4
2015-06-17,21.21
2015-06-18,29.29
2015-06-19,33.69
2015-06-20,15.96
2015-06-21,22.0
2015-06-22,35.79
2015-06-23,31.62
2015-06-24,27.53
2015-06-25,35.42
2015-06-26,37.66
2015-06-27,19.55
2015-06-28,20.8
2015-06-29,30.05
2015-06-30,35.77
2015-07-01,30.29
2015-07-02,29.3
2015-07-03,17.83
2015-07-04,9.66
2015-07-05,21.5
2015-07-06,40.64
2015-07-07,33.64
2015-07-08,35.83
2015-07-09,26.09
2015-07-10,35.79
2015-07-11,21.1
2015-07-12,19.0
2015-07-13,40.99
2015-07-14,38.27
2015-07-15,31.53
2015-07-16,31.08
2015-07-17,35.57
2015-07-18,23.6
2015-07-19,19.42
2015-07-20,40.01
2015-07-21,27.46
2015-07-22,30.66
2015-07-23,27.59
2015-07-24,35.49
2015-07-25,24.75
2015-07-26,8.57
2015-07-27,24.48
2015-07-28,33.88
2015-07-29,27.12
2015-07-30,25.7
2015-07-31,20.98
2015-08-01,6.37
2015-08-02,6.93
2015-08-03,27.25
2015-08-04,32.29
2015-08-05,29.58
2015-08-06,24.59
2015-08-07,28.26
2015-08-08,12.1
2015-08-09,27.84
2015-08-10,39.2
2015-08-11,36.3
2015-08-12,41.91
2015-08-13,38.24
2015-08-14,33.65
2015-08-15,27.23
2015-08-16,12.72
2015-08-17,36.85
2015-08-18,36.62
2015-08-19,40.89
2015-08-20,38.82
2015-08-21,40.46
2015-08-22,31.26
2015-08-23,32.48
2015-08-24,46.79
2015-08-25,36.55
2015-08-26,36.04
2015-08-27,36.54
2015-08-28,31.3
2015-08-29,27.21
2015-08-30,31.41
2015-08-31,40.3
2015-09-01,35.48
2015-09-02,33.47
2015-09-03,37.28
2015-09-04,33.99
2015-09-05,23.77
2015-09-06,19.66
2015-09-07,30.84
2015-09-08,37.12
2015-09-09,37.25
2015-09-10,38.18
2015-09-11,34.51
2015-09-12,25.72
2015-09-13,23.55
2015-09-14,34.07
2015-09-15,38.49
2015-09-16,41.42
2015-09-17,36.3
2015-09-18,18.11
2015-09-19,19.69
2015-09-20,26.45
2015-09-21,37.95
2015-09-22,32.82
2015-09-23,28.89
2015-09-24,30.13
2015-09-25,31.28
2015-09-26,30.58
2015-09-27,25.46
2015-09-28,37.17
2015-09-29,36.5
2015-09-30,34.67
2015-10-01,28.99
2015-10-02,28.5
2015-10-03,24.67
2015-10-04,25.44
2015-10-05,32.45
2015-10-06,32.17
2015-10-07,61.12
2015-10-08,66.89
2015-10-09,55.64
2015-10-10,32.29
2015-10-11,23.78
2015-10-12,39.82
2015-10-13,31.18
2015-10-14,31.93
2015-10-15,29.11
2015-10-16,32.28
2015-10-17,23.4
2015-10-18,23.98
2015-10-19,38.36
2015-10-20,38.6
2015-10-21,32.82
2015-10-22,31.67
2015-10-23,34.55
2015-10-24,31.22
2015-10-25,26.37
2015-10-26,36.1
2015-10-27,35.57
2015-10-28,40.06
2015-10-29,41.1
2015-10-30,39.86
2015-10-31,35.68
2015-11-01,31.29
2015-11-02,43.94
2015-11-03,42.78
2015-11-04,30.32
2015-11-05,43.13
2015-11-06,36.83
2015-11-07,29.78
2015-11-08,29.07
2015-11-09,35.99
2015-11-10,34.64
2015-11-11,34.13
2015-11-12,33.97
2015-11-13,31.14
2015-11-14,21.4
2015-11-15,22.87
2015-11-16,32.71
2015-11-17,31.75
2015-11-18,31.94
2015-11-19,35.47
2015-11-20,34.22
2015-11-21,25.73
2015-11-22,24.75
2015-11-23,63.33
2015-11-24,36.85
2015-11-25,32.92
2015-11-26,33.5
2015-11-27,31.04
2015-11-28,20.73
2015-11-29,19.8
2015-11-30,30.4
2015-12-01,33.74
2015-12-02,39.98
2015-12-03,33.23
2015-12-04,29.49
2015-12-05,14.87
2015-12-06,11.64
2015-12-07,28.7
2015-12-08,31.16
2015-12-09,30.75
2015-12-10,29.25
2015-12-11,36.92
2015-12-12,27.05
2015-12-13,25.81
2015-12-14,40.41
2015-12-15,38.58
2015-12-16,36.29
2015-12-17,35.02
2015-12-18,29.73
2015-12-19,17.25
2015-12-20,12.66
2015-12-21,22.0
2015-12-22,22.11
2015-12-23,16.91
2015-12-24,12.33
2015-12-25,9.22
2015-12-26,12.22
2015-12-27,20.46
2015-12-28,39.85
2015-12-29,33.61
2015-12-30,31.73
2015-12-31,25.27
2016-01-01,16.92
2016-01-02,23.5
2016-01-03,19.31
2016-01-04,29.07
2016-01-05,33.33
2016-01-06,36.52
2016-01-07,57.95
2016-01-08,57.17
2016-01-09,33.76
2016-01-10,29.29
2016-01-11,42.12
2016-01-12,34.26
2016-01-13,36.93
2016-01-14,54.5
2016-01-15,60.64
2016-01-16,29.65
2016-01-17,27.69
2016-01-18,56.7
2016-01-19,56.05
2016-01-20,52.34
2016-01-21,91.23
2016-01-22,53.5
2016-01-23,30.26
2016-01-24,24.67
2016-01-25,33.31
2016-01-26,28.2
2016-01-27,28.87
2016-01-28,29.38
2016-01-29,28.17
2016-01-30,13.92
2016-01-31,21.48
2016-02-01,29.9
2016-02-02,29.85
2016-02-03,30.41
2016-02-04,29.24
2016-02-05,34.32
2016-02-06,28.89
2016-02-07,22.89
2016-02-08,29.11
2016-02-09,27.36
2016-02-10,29.22
2016-02-11,33.9
2016-02-12,34.72
2016-02-13,31.5
2016-02-14,28.08
2016-02-15,29.95
2016-02-16,28.31
2016-02-17,27.95
2016-02-18,27.41
2016-02-19,28.17
2016-02-20,20.87
2016-02-21,18.39
2016-02-22,25.54
2016-02-23,24.57
2016-02-24,28.25
2016-02-25,29.57
2016-02-26,28.76
2016-02-27,26.42
2016-02-28,26.13
2016-02-29,30.39
2016-03-01,28.25
2016-03-02,29.86
2016-03-03,30.82
2016-03-04,30.79
2016-03-05,26.55
2016-03-06,25.11
2016-03-07,28.49
2016-03-08,29.33
2016-03-09,33.61
2016-03-10,32.89
2016-03-11,32.05
2016-03-12,24.72
2016-03-13,23.19
2016-03-14,32.11
2016-03-15,29.65
2016-03-16,28.25
2016-03-17,27.38
2016-03-18,29.2
2016-03-19,22.46
2016-03-20,29.97
2016-03-21,36.41
2016-03-22,33.13
2016-03-23,35.98
2016-03-24,31.44
2016-03-25,29.06
2016-03-26,29.07
2016-03-27,20.41
2016-03-28,24.61
2016-03-29,30.81
2016-03-30,35.5
2016-03-31,30.06
2016-04-01,30.07
2016-04-02,29.99
2016-04-03,30.27
2016-04-04,34.66
2016-04-05,31.43
2016-04-06,29.24
2016-04-07,29.15
2016-04-08,32.39
2016-04-09,30.44
2016-04-10,30.08
2016-04-11,33.47
2016-04-12,29.98
2016-04-13,31.05
2016-04-14,31.67
2016-04-15,32.96
2016-04-16,23.75
2016-04-17,21.43
2016-04-18,33.66
2016-04-19,28.84
2016-04-20,28.26
2016-04-21,32.37
2016-04-22,29.74
2016-04-23,25.06
2016-04-24,23.78
2016-04-25,31.92
2016-04-26,32.82
2016-04-27,28.86
2016-04-28,27.65
2016-04-29,33.27
2016-04-30,23.64
2016-05-01,21.98
2016-05-02,26.46
2016-05-03,25.47
2016-05-04,31.35
2016-05-05,24.8
2016-05-06,25.7
2016-05-07,18.24
2016-05-08,15.9
2016-05-09,22.04
2016-05-10,30.59
2016-05-11,33.12
2016-05-12,32.12
2016-05-13,33.24
2016-05-14,20.28
2016-05-15,20.45
2016-05-16,32.3
2016-05-17,31.73
2016-05-18,31.81
2016-05-19,35.8
2016-05-20,37.53
2016-05-21,26.54
2016-05-22,22.15
2016-05-23,30.77
2016-05-24,30.43
2016-05-25,28.58
2016-05-26,32.86
2016-05-27,40.88
2016-05-28,23.16
2016-05-29,20.48
2016-05-30,32.5
2016-05-31,36.94
2016-06-01,38.79
2016-06-02,35.41
2016-06-03,33.06
2016-06-04,25.57
2016-06-05,25.55
2016-06-06,42.07
2016-06-07,37.67
2016-06-08,34.39
2016-06-09,32.32
2016-06-10,36.39
2016-06-11,30.14
2016-06-12,28.66
2016-06-13,31.26
2016-06-14,39.21
2016-06-15,35.88
2016-06-16,36.83
2016-06-17,35.59
2016-06-18,25.16
2016-06-19,25.2
2016-06-20,33.05
2016-06-21,54.27
2016-06-22,35.88
2016-06-23,32.71
2016-06-24,30.43
2016-06-25,28.08
2016-06-26,27.05
2016-06-27,54.54
2016-06-28,78.49
2016-06-29,48.13
2016-06-30,35.3
2016-07-01,30.4
2016-07-02,22.87
2016-07-03,23.9
2016-07-04,39.15
2016-07-05,29.09
2016-07-06,28.63
2016-07-07,33.42
2016-07-08,32.63
2016-07-09,26.65
2016-07-10,27.13
2016-07-11,35.68
2016-07-12,33.48
2016-07-13,34.84
2016-07-14,31.61
2016-07-15,31.37
2016-07-16,28.06
2016-07-17,26.19
2016-07-18,30.08
2016-07-19,31.87
2016-07-20,30.69
2016-07-21,31.25
2016-07-22,31.75
2016-07-23,29.99
2016-07-24,29.2
2016-07-25,34.35
2016-07-26,34.91
2016-07-27,35.91
2016-07-28,35.76
2016-07-29,35.74
2016-07-30,27.66
2016-07-31,25.62
2016-08-01,29.17
2016-08-02,33.08
2016-08-03,32.44
2016-08-04,29.57
2016-08-05,31.98
2016-08-06,26.94
2016-08-07,23.89
2016-08-08,32.51
2016-08-09,28.15
2016-08-10,33.17
2016-08-11,33.9
2016-08-12,34.73
2016-08-13,24.32
2016-08-14,25.55
2016-08-15,32.65
2016-08-16,31.26
2016-08-17,32.72
2016-08-18,32.7
2016-08-19,35.77
2016-08-20,31.08
2016-08-21,29.78
2016-08-22,36.75
2016-08-23,35.65
2016-08-24,35.38
2016-08-25,31.33
2016-08-26,32.82
2016-08-27,26.02
2016-08-28,27.26
2016-08-29,33.77
2016-08-30,35.46
2016-08-31,32.88
2016-09-01,30.82
2016-09-02,31.63
2016-09-03,28.31
2016-09-04,25.82
2016-09-05,36.98
2016-09-06,36.42
2016-09-07,33.69
2016-09-08,35.46
2016-09-09,40.24
2016-09-10,30.42
2016-09-11,24.9
2016-09-12,35.01
2016-09-13,35.78
2016-09-14,36.88
2016-09-15,35.09
2016-09-16,33.41
2016-09-17,26.94
2016-09-18,26.79
2016-09-19,35.16
2016-09-20,34.39
2016-09-21,34.11
2016-09-22,35.12
2016-09-23,34.14
2016-09-24,28.17
2016-09-25,25.68
2016-09-26,36.19
2016-09-27,34.03
2016-09-28,29.19
2016-09-29,30.33
2016-09-30,31.24
2016-10-01,30.35
2016-10-02,30.07
2016-10-03,40.67
2016-10-04,37.78
2016-10-05,35.36
2016-10-06,39.51
2016-10-07,39.08
2016-10-08,32.08
2016-10-09,31.81
2016-10-10,48.43
2016-10-11,36.54
2016-10-12,39.35
2016-10-13,42.45
2016-10-14,35.49
2016-10-15,31.02
2016-10-16,31.72
2016-10-17,36.03
2016-10-18,37.01
2016-10-19,38.66
2016-10-20,40.16
2016-10-21,38.64
2016-10-22,35.17
2016-10-23,35.11
2016-10-24,40.61
2016-10-25,51.53
2016-10-26,44.4
2016-10-27,38.61
2016-10-28,34.5
2016-10-29,32.73
2016-10-30,36.48
2016-10-31,43.8
2016-11-01,38.23
2016-11-02,38.53
2016-11-03,45.41
2016-11-04,41.82
2016-11-05,38.93
2016-11-06,38.22
2016-11-07,44.79
2016-11-08,53.61
2016-11-09,49.47
2016-11-10,54.2
2016-11-11,55.08
2016-11-12,42.83
2016-11-13,40.57
2016-11-14,42.34
2016-11-15,40.89
2016-11-16,42.16
2016-11-17,39.78
2016-11-18,37.71
2016-11-19,34.78
2016-11-20,34.94
2016-11-21,35.75
2016-11-22,39.15
2016-11-23,39.57
2016-11-24,39.4
2016-11-25,38.81
2016-11-26,32.19
2016-11-27,31.05
2016-11-28,41.4
2016-11-29,38.84
2016-11-30,35.23
2016-12-01,36.08
2016-12-02,37.04
2016-12-03,37.89
2016-12-04,34.96
2016-12-05,36.59
2016-12-06,52.56
2016-12-07,35.6
2016-12-08,37.75
2016-12-09,34.11
2016-12-10,31.6
2016-12-11,31.71
2016-12-12,43.16
2016-12-13,38.25
2016-12-14,43.89
2016-12-15,44.64
2016-12-16,46.18
2016-12-17,34.42
2016-12-18,32.9
2016-12-19,34.44
2016-12-20,32.58
2016-12-21,30.71
2016-12-22,30.58
2016-12-23,27.42
2016-12-24,21.45
2016-12-25,21.85
2016-12-26,22.38
2016-12-27,26.27
2016-12-28,32.47
2016-12-29,31.81
2016-12-30,29.15
2016-12-31,23.46
2017-01-01,27.77
2017-01-02,33.51
2017-01-03,32.75
2017-01-04,31.73
2017-01-05,43.63
2017-01-06,33.02
2017-01-07,31.15
2017-01-08,30.86
2017-01-09,32.81
2017-01-10,30.21
2017-01-11,27.85
2017-01-12,30.17
2017-01-13,36.94
2017-01-14,30.78
2017-01-15,31.1
2017-01-16,52.39
2017-01-17,36.23
2017-01-18,32.53
2017-01-19,29.7
2017-01-20,32.64
2017-01-21,28.77
2017-01-22,29.03
2017-01-23,35.46
2017-01-24,42.56
2017-01-25,32.74
2017-01-26,33.09
2017-01-27,34.82
2017-01-28,29.43
2017-01-29,28.64
2017-01-30,32.68
2017-01-31,36.52
2017-02-01,37.44
2017-02-02,35.07
2017-02-03,39.16
2017-02-04,31.96
2017-02-05,31.69
2017-02-06,39.06
2017-02-07,43.41
2017-02-08,46.56
2017-02-09,47.54
2017-02-10,41.88
2017-02-11,35.01
2017-02-12,31.55
2017-02-13,33.55
2017-02-14,35.38
2017-02-15,44.44
2017-02-16,35.55
2017-02-17,32.65
2017-02-18,29.93
2017-02-19,27.09
2017-02-20,36.86
2017-02-21,35.07
2017-02-22,31.06
2017-02-23,28.5
2017-02-24,30.36
2017-02-25,29.89
2017-02-26,28.67
2017-02-27,34.34
2017-02-28,29.89
2017-03-01,31.91
2017-03-02,31.21
2017-03-03,33.46
2017-03-04,29.95
2017-03-05,28.59
2017-03-06,36.87
2017-03-07,41.7
2017-03-08,33.62
2017-03-09,32.04
2017-03-10,32.51
2017-03-11,30.97
2017-03-12,29.05
2017-03-13,31.95
2017-03-14,27.92
2017-03-15,24.62
2017-03-16,28.66
2017-03-17,26.28
2017-03-18,26.63
2017-03-19,27.8
2017-03-20,29.82
2017-03-21,26.8
2017-03-22,29.05
2017-03-23,31.4
2017-03-24,31.87
2017-03-25,27.92
2017-03-26,26.75
2017-03-27,29.68
2017-03-28,32.99
2017-03-29,34.43
2017-03-30,32.89
2017-03-31,30.91
2017-04-01,27.19
2017-04-02,27.52
2017-04-03,33.89
2017-04-04,28.17
2017-04-05,29.5
2017-04-06,31.32
2017-04-07,32.52
2017-04-08,28.25
2017-04-09,25.35
2017-04-10,24.72
2017-04-11,24.95
2017-04-12,29.18
2017-04-13,32.65
2017-04-14,31.62
2017-04-15,28.09
2017-04-16,28.84
2017-04-17,29.48
2017-04-18,34.32
2017-04-19,36.03
2017-04-20,31.06
2017-04-21,33.09
2017-04-22,27.26
2017-04-23,26.88
2017-04-24,39.34
2017-04-25,37.16
2017-04-26,38.85
2017-04-27,39.39
2017-04-28,39.08
2017-04-29,30.89
2017-04-30,28.59
2017-05-01,26.8
2017-05-02,30.85
2017-05-03,30.6
2017-05-04,29.31
2017-05-05,29.89
2017-05-06,29.66
2017-05-07,28.1
2017-05-08,30.32
2017-05-09,35.17
2017-05-10,36.77
2017-05-11,34.09
2017-05-12,33.48
2017-05-13,30.04
2017-05-14,28.71
2017-05-15,33.52
2017-05-16,33.78
2017-05-17,30.37
2017-05-18,32.46
2017-05-19,31.34
2017-05-20,23.91
2017-05-21,19.39
2017-05-22,35.05
2017-05-23,30.93
2017-05-24,36.04
2017-05-25,26.31
2017-05-26,29.23
2017-05-27,28.24
2017-05-28,21.48
2017-05-29,34.79
2017-05-30,37.94
2017-05-31,31.44
2017-06-01,31.34
2017-06-02,35.28
2017-06-03,27.02
2017-06-04,24.73
2017-06-05,48.06
2017-06-06,29.17
2017-06-07,36.54
2017-06-08,34.42
2017-06-09,36.58
2017-06-10,26.92
2017-06-11,21.27
2017-06-12,28.03
2017-06-13,28.25
2017-06-14,37.12
2017-06-15,36.74
2017-06-16,33.72
2017-06-17,22.32
2017-06-18,24.09
2017-06-19,31.29
2017-06-20,31.9
2017-06-21,31.18
2017-06-22,33.81
2017-06-23,26.48
2017-06-24,22.47
2017-06-25,19.83
2017-06-26,28.11
2017-06-27,35.03
2017-06-28,33.92
2017-06-29,34.66
2017-06-30,29.54
2017-07-01,27.95
2017-07-02,24.07
2017-07-03,43.98
2017-07-04,41.86
2017-07-05,39.51
2017-07-06,40.7
2017-07-07,46.55
2017-07-08,36.35
2017-07-09,32.69
2017-07-10,42.93
2017-07-11,36.75
2017-07-12,38.41
2017-07-13,34.95
2017-07-14,35.55
2017-07-15,29.5
2017-07-16,26.1
2017-07-17,31.88
2017-07-18,28.3
2017-07-19,30.39
2017-07-20,32.0
2017-07-21,34.03
2017-07-22,30.02
2017-07-23,26.34
2017-07-24,37.99
2017-07-25,39.19
2017-07-26,36.62
2017-07-27,39.54
2017-07-28,31.89
2017-07-29,25.29
2017-07-30,28.08
2017-07-31,34.7
2017-08-01,30.28
2017-08-02,34.95
2017-08-03,32.42
2017-08-04,30.08
2017-08-05,24.37
2017-08-06,21.92
2017-08-07,36.5
2017-08-08,36.55
2017-08-09,40.44
2017-08-10,38.49
2017-08-11,37.9
2017-08-12,23.98
2017-08-13,24.77
2017-08-14,34.62
2017-08-15,36.13
2017-08-16,50.77
2017-08-17,42.19
2017-08-18,45.13
2017-08-19,27.51
2017-08-20,26.81
2017-08-21,37.95
2017-08-22,44.43
2017-08-23,59.29
2017-08-24,41.94
2017-08-25,39.86
2017-08-26,33.89
2017-08-27,34.83
2017-08-28,47.33
2017-08-29,35.68
2017-08-30,37.37
2017-08-31,38.56
2017-09-01,38.15
2017-09-02,34.04
2017-09-03,33.25
2017-09-04,39.55
2017-09-05,46.63
2017-09-06,44.69
2017-09-07,41.65
2017-09-08,37.86
2017-09-09,31.98
2017-09-10,30.26
2017-09-11,35.82
2017-09-12,33.14
2017-09-13,37.53
2017-09-14,38.64
2017-09-15,39.56
2017-09-16,36.18
2017-09-17,36.25
2017-09-18,42.57
2017-09-19,40.71
2017-09-20,41.03
2017-09-21,37.96
2017-09-22,36.39
2017-09-23,32.35
2017-09-24,32.46
2017-09-25,34.23
2017-09-26,37.33
2017-09-27,37.72
2017-09-28,39.71
2017-09-29,38.62
2017-09-30,31.49
2017-10-01,29.27
2017-10-02,32.12
2017-10-03,29.86
2017-10-04,27.05
2017-10-05,33.18
2017-10-06,36.8
2017-10-07,28.85
2017-10-08,29.77
2017-10-09,41.08
2017-10-10,39.71
2017-10-11,50.53
2017-10-12,31.22
2017-10-13,35.11
2017-10-14,26.75
2017-10-15,26.1
2017-10-16,30.14
2017-10-17,32.16
2017-10-18,37.74
2017-10-19,42.9
2017-10-20,39.35
2017-10-21,28.97
2017-10-22,29.1
2017-10-23,45.22
2017-10-24,41.37
2017-10-25,30.39
2017-10-26,35.43
2017-10-27,35.05
2017-10-28,25.65
2017-10-29,22.15
2017-10-30,27.58
2017-10-31,36.1
2017-11-01,30.39
2017-11-02,32.47
2017-11-03,33.75
2017-11-04,27.57
2017-11-05,27.42
2017-11-06,29.58
2017-11-07,33.98
2017-11-08,32.04
2017-11-09,29.36
2017-11-10,31.38
2017-11-11,28.79
2017-11-12,30.85
2017-11-13,42.11
2017-11-14,35.49
2017-11-15,34.32
2017-11-16,33.11
2017-11-17,30.17
2017-11-18,27.28
2017-11-19,28.64
2017-11-20,40.47
2017-11-21,48.62
2017-11-22,34.56
2017-11-23,29.68
2017-11-24,32.58
2017-11-25,30.38
2017-11-26,28.62
2017-11-27,34.18
2017-11-28,37.64
2017-11-29,51.38
2017-11-30,44.29
2017-12-01,40.96
2017-12-02,30.38
2017-12-03,29.08
2017-12-04,36.87
2017-12-05,36.45
2017-12-06,33.74
2017-12-07,34.22
2017-12-08,30.06
2017-12-09,27.31
2017-12-10,28.36
2017-12-11,41.04
2017-12-12,34.1
2017-12-13,32.04
2017-12-14,32.39
2017-12-15,39.56
2017-12-16,30.92
2017-12-17,30.27
2017-12-18,42.69
2017-12-19,46.92
2017-12-20,32.44
2017-12-21,29.72
2017-12-22,32.84
2017-12-23,16.88
2017-12-24,24.21
2017-12-25,26.01
2017-12-26,25.46
2017-12-27,29.94
2017-12-28,34.41
2017-12-29,29.53
2017-12-30,26.82
2017-12-31,26.66
2018-01-01,24.42
2018-01-02,31.68
2018-01-03,28.8
2018-01-04,31.98
2018-01-05,31.21
2018-01-06,31.0
2018-01-07,28.26
2018-01-08,32.26
2018-01-09,34.37
2018-01-10,40.29
2018-01-11,43.08
2018-01-12,37.2
2018-01-13,32.46
2018-01-14,29.68
2018-01-15,32.23
2018-01-16,31.59
2018-01-17,40.5
2018-01-18,42.46
2018-01-19,54.06
2018-01-20,34.59
2018-01-21,34.53
2018-01-22,57.05
2018-01-23,78.28
2018-01-24,33.28
2018-01-25,33.69
2018-01-26,42.21
2018-01-27,32.69
2018-01-28,28.17
2018-01-29,36.17
2018-01-30,36.53
2018-01-31,45.72
2018-02-01,33.63
2018-02-02,36.7
2018-02-03,34.31
2018-02-04,33.55
2018-02-05,53.26
2018-02-06,47.61
2018-02-07,47.14
2018-02-08,42.51
2018-02-09,37.71
2018-02-10,32.67
2018-02-11,29.68
2018-02-12,39.35
2018-02-13,37.31
2018-02-14,38.6
2018-02-15,35.26
2018-02-16,40.43
2018-02-17,38.21
2018-02-18,36.12
2018-02-19,49.78
2018-02-20,53.19
2018-02-21,54.13
2018-02-22,50.89
2018-02-23,44.78
2018-02-24,38.47
2018-02-25,38.5
2018-02-26,49.14
2018-02-27,51.25
2018-02-28,90.29
2018-03-01,95.12
2018-03-02,64.77
2018-03-03,43.23
2018-03-04,40.92
2018-03-05,55.46
2018-03-06,48.97
2018-03-07,47.12
2018-03-08,40.12
2018-03-09,40.38
2018-03-10,37.28
2018-03-11,36.19
2018-03-12,42.35
2018-03-13,42.7
2018-03-14,47.72
2018-03-15,46.11
2018-03-16,41.77
2018-03-17,37.94
2018-03-18,37.19
2018-03-19,42.17
2018-03-20,43.64
2018-03-21,42.08
2018-03-22,41.31
2018-03-23,47.31
2018-03-24,40.15
2018-03-25,39.81
2018-03-26,47.88
2018-03-27,46.34
2018-03-28,46.87
2018-03-29,41.02
2018-03-30,40.94
2018-03-31,39.96
2018-04-01,39.13
2018-04-02,39.56
2018-04-03,43.81
2018-04-04,43.29
2018-04-05,42.51
2018-04-06,40.19
2018-04-07,39.18
2018-04-08,39.07
2018-04-09,43.24
2018-04-10,41.77
2018-04-11,40.62
2018-04-12,39.9
2018-04-13,38.9
2018-04-14,38.26
2018-04-15,39.76
2018-04-16,47.65
2018-04-17,43.76
2018-04-18,42.31
2018-04-19,39.57
2018-04-20,36.12
2018-04-21,31.74
2018-04-22,34.54
2018-04-23,42.53
2018-04-24,35.95
2018-04-25,41.3
2018-04-26,41.59
2018-04-27,45.21
2018-04-28,38.66
2018-04-29,34.68
2018-04-30,30.92
2018-05-01,22.17
2018-05-02,36.6
2018-05-03,58.64
2018-05-04,39.96
2018-05-05,30.83
2018-05-06,18.72
2018-05-07,25.3
2018-05-08,39.51
2018-05-09,17.16
2018-05-10,14.94
2018-05-11,30.75
2018-05-12,29.93
2018-05-13,18.46
2018-05-14,51.25
2018-05-15,49.3
2018-05-16,70.63
2018-05-17,35.63
2018-05-18,40.05
2018-05-19,34.49
2018-05-20,23.28
2018-05-21,39.05
2018-05-22,55.86
2018-05-23,51.0
2018-05-24,50.44
2018-05-25,48.53
2018-05-26,38.79
2018-05-27,37.62
2018-05-28,49.68
2018-05-29,43.57
2018-05-30,47.52
2018-05-31,50.98
2018-06-01,51.17
2018-06-02,43.15
2018-06-03,41.91
2018-06-04,52.72
2018-06-05,54.18
2018-06-06,56.13
2018-06-07,55.55
2018-06-08,58.62
2018-06-09,52.73
2018-06-10,46.02
2018-06-11,50.4
2018-06-12,47.06
2018-06-13,55.86
2018-06-14,54.07
2018-06-15,46.68
2018-06-16,44.35
2018-06-17,43.52
2018-06-18,47.86
2018-06-19,42.84
2018-06-20,42.58
2018-06-21,45.89
2018-06-22,36.03
2018-06-23,38.41
2018-06-24,42.28
2018-06-25,50.06
2018-06-26,49.24
2018-06-27,46.79
2018-06-28,47.04
2018-06-29,45.24
2018-06-30,45.9
2018-07-01,45.72
2018-07-02,50.49
2018-07-03,52.56
2018-07-04,53.87
2018-07-05,55.22
2018-07-06,50.76
2018-07-07,47.29
2018-07-08,49.0
2018-07-09,51.74
2018-07-10,55.57
2018-07-11,54.37
2018-07-12,55.58
2018-07-13,56.01
2018-07-14,51.6
2018-07-15,51.35
2018-07-16,55.92
2018-07-17,54.57
2018-07-18,52.11
2018-07-19,54.09
2018-07-20,56.75
2018-07-21,52.84
2018-07-22,52.55
2018-07-23,56.47
2018-07-24,57.68
2018-07-25,58.24
2018-07-26,56.6
2018-07-27,57.43
2018-07-28,50.74
2018-07-29,50.33
2018-07-30,62.76
2018-07-31,65.97
2018-08-01,64.57
2018-08-02,59.47
2018-08-03,62.61
2018-08-04,51.47
2018-08-05,49.45
2018-08-06,56.04
2018-08-07,58.26
2018-08-08,56.45
2018-08-09,50.82
2018-08-10,55.09
2018-08-11,47.04
2018-08-12,45.74
2018-08-13,57.0
2018-08-14,58.11
2018-08-15,54.26
2018-08-16,53.45
2018-08-17,50.9
2018-08-18,47.15
2018-08-19,45.85
2018-08-20,52.33
2018-08-21,58.37
2018-08-22,56.92
2018-08-23,59.76
2018-08-24,52.45
2018-08-25,51.74
2018-08-26,52.22
2018-08-27,54.8
2018-08-28,64.33
2018-08-29,63.4
2018-08-30,63.51
2018-08-31,63.88
2018-09-01,59.21
2018-09-02,55.82
2018-09-03,62.2
2018-09-04,65.2
2018-09-05,64.58
2018-09-06,63.77
2018-09-07,59.75
2018-09-08,54.43
2018-09-09,53.99
2018-09-10,56.14
2018-09-11,56.74
2018-09-12,54.14
2018-09-13,57.17
2018-09-14,57.63
2018-09-15,49.37
2018-09-16,50.42
2018-09-17,57.9
2018-09-18,55.99
2018-09-19,49.44
2018-09-20,43.67
2018-09-21,34.83
2018-09-22,23.15
2018-09-23,37.33
2018-09-24,46.46
2018-09-25,47.56
2018-09-26,33.23
2018-09-27,42.26
2018-09-28,56.06
2018-09-29,42.27
2018-09-30,37.18
2018-10-01,48.28
2018-10-02,51.27
2018-10-03,51.2
2018-10-04,58.82
2018-10-05,48.43
2018-10-06,46.99
2018-10-07,49.4
2018-10-08,47.1
2018-10-09,46.13
2018-10-10,49.27
2018-10-11,50.11
2018-10-12,49.53
2018-10-13,31.81
2018-10-14,17.94
2018-10-15,44.8
2018-10-16,49.96
2018-10-17,49.31
2018-10-18,52.3
2018-10-19,48.3
2018-10-20,43.69
2018-10-21,39.03
2018-10-22,42.32
2018-10-23,42.81
2018-10-24,46.9
2018-10-25,49.92
2018-10-26,55.51
2018-10-27,44.38
2018-10-28,44.24
2018-10-29,49.94
2018-10-30,42.49
2018-10-31,46.57
2018-11-01,45.42
2018-11-02,45.25
2018-11-03,43.71
2018-11-04,43.48
2018-11-05,47.61
2018-11-06,50.94
2018-11-07,52.61
2018-11-08,55.02
2018-11-09,48.84
2018-11-10,47.77
2018-11-11,41.11
2018-11-12,47.45
2018-11-13,52.51
2018-11-14,58.62
2018-11-15,59.38
2018-11-16,55.37
2018-11-17,53.09
2018-11-18,46.96
2018-11-19,49.93
2018-11-20,48.25
2018-11-21,53.54
2018-11-22,66.51
2018-11-23,62.99
2018-11-24,59.42
2018-11-25,53.53
2018-11-26,67.2
2018-11-27,73.95
2018-11-28,51.5
2018-11-29,48.88
2018-11-30,48.21
2018-12-01,47.69
2018-12-02,45.67
2018-12-03,54.44
2018-12-04,55.29
2018-12-05,55.75
2018-12-06,58.09
2018-12-07,53.07
2018-12-08,44.42
2018-12-09,41.29
2018-12-10,52.47
2018-12-11,56.62
2018-12-12,60.78
2018-12-13,58.32
2018-12-14,59.63
2018-12-15,51.83
2018-12-16,50.38
2018-12-17,66.06
2018-12-18,61.21
2018-12-19,58.3
2018-12-20,59.01
2018-12-21,57.9
2018-12-22,51.29
2018-12-23,53.32
2018-12-24,50.63
2018-12-25,41.84
2018-12-26,44.45
2018-12-27,52.59
2018-12-28,55.18
2018-12-29,49.83
2018-12-30,50.93
2018-12-31,46.53
2019-01-01,21.8
2019-01-02,44.32
2019-01-03,57.26
2019-01-04,54.54
2019-01-05,52.3
2019-01-06,51.09
2019-01-07,51.92
2019-01-08,52.02
2019-01-09,58.32
2019-01-10,59.51
2019-01-11,51.44
2019-01-12,48.32
2019-01-13,47.07
2019-01-14,48.72
2019-01-15,53.96
2019-01-16,55.44
2019-01-17,52.85
2019-01-18,61.98
2019-01-19,54.94
2019-01-20,55.22
2019-01-21,68.83
2019-01-22,64.23
2019-01-23,68.22
2019-01-24,79.17
2019-01-25,65.14
2019-01-26,55.03
2019-01-27,53.04
2019-01-28,60.82
2019-01-29,61.66
2019-01-30,59.21
2019-01-31,61.17
2019-02-01,57.29
2019-02-02,50.99
2019-02-03,50.25
2019-02-04,54.9
2019-02-05,55.6
2019-02-06,56.5
2019-02-07,51.52
2019-02-08,50.1
2019-02-09,46.94
2019-02-10,45.59
2019-02-11,50.26
2019-02-12,49.1
2019-02-13,48.24
2019-02-14,48.23
2019-02-15,46.31
2019-02-16,39.72
2019-02-17,41.64
2019-02-18,45.84
2019-02-19,43.72
2019-02-20,42.78
2019-02-21,47.9
2019-02-22,47.18
2019-02-23,39.58
2019-02-24,38.23
2019-02-25,42.31
2019-02-26,45.31
2019-02-27,45.45
2019-02-28,41.93
2019-03-01,49.77
2019-03-02,40.92
2019-03-03,40.16
2019-03-04,46.99
2019-03-05,45.41
2019-03-06,46.14
2019-03-07,43.7
2019-03-08,38.92
2019-03-09,38.05
2019-03-10,39.3
2019-03-11,45.29
2019-03-12,45.56
2019-03-13,43.07
2019-03-14,41.68
2019-03-15,43.07
2019-03-16,40.56
2019-03-17,34.45
2019-03-18,41.57
2019-03-19,45.65
2019-03-20,41.31
2019-03-21,39.53
2019-03-22,39.85
2019-03-23,33.12
2019-03-24,33.22
2019-03-25,38.35
2019-03-26,39.7
2019-03-27,39.66
2019-03-28,36.98
2019-03-29,29.59
2019-03-30,31.9
2019-03-31,28.91
2019-04-01,38.92
2019-04-02,39.24
2019-04-03,40.46
2019-04-04,39.59
2019-04-05,43.12
2019-04-06,38.55
2019-04-07,39.3
2019-04-08,40.81
2019-04-09,42.2
2019-04-10,43.99
2019-04-11,48.11
2019-04-12,53.57
2019-04-13,43.49
2019-04-14,42.11
2019-04-15,48.65
2019-04-16,50.07
2019-04-17,47.2
2019-04-18,47.05
2019-04-19,42.21
2019-04-20,41.23
2019-04-21,37.92
2019-04-22,34.18
2019-04-23,34.51
2019-04-24,33.24
2019-04-25,41.31
2019-04-26,49.08
2019-04-27,30.69
2019-04-28,27.14
2019-04-29,53.56
2019-04-30,51.75
2019-05-01,17.52
2019-05-02,27.67
2019-05-03,38.4
2019-05-04,39.6
2019-05-05,38.51
2019-05-06,51.84
2019-05-07,50.11
2019-05-08,61.01
2019-05-09,39.53
2019-05-10,44.3
2019-05-11,36.67
2019-05-12,11.39
2019-05-13,63.55
2019-05-14,54.14
2019-05-15,46.86
2019-05-16,44.37
2019-05-17,41.95
2019-05-18,34.52
2019-05-19,36.92
2019-05-20,48.34
2019-05-21,50.25
2019-05-22,59.55
2019-05-23,47.86
2019-05-24,51.43
2019-05-25,35.17
2019-05-26,30.03
2019-05-27,46.76
2019-05-28,47.09
2019-05-29,37.36
2019-05-30,47.29
2019-05-31,32.91
2019-06-01,21.2
2019-06-02,23.46
2019-06-03,49.11
2019-06-04,35.14
2019-06-05,51.14
2019-06-06,46.06
2019-06-07,67.28
2019-06-08,40.16
2019-06-09,30.45
2019-06-10,39.9
2019-06-11,44.75
2019-06-12,45.06
2019-06-13,61.35
2019-06-14,54.37
2019-06-15,42.15
2019-06-16,38.3
2019-06-17,39.98
2019-06-18,52.54
2019-06-19,59.88
2019-06-20,49.43
2019-06-21,47.58
2019-06-22,34.38
2019-06-23,36.55
2019-06-24,40.48
2019-06-25,49.43
2019-06-26,49.21
2019-06-27,37.96
2019-06-28,49.18
2019-06-29,34.89
2019-06-30,32.85
2019-07-01,46.19
2019-07-02,42.76
2019-07-03,40.12
2019-07-04,45.81
2019-07-05,37.18
2019-07-06,29.75
2019-07-07,27.95
2019-07-08,42.86
2019-07-09,45.61
2019-07-10,50.37
2019-07-11,55.68
2019-07-12,56.9
2019-07-13,41.52
2019-07-14,39.28
2019-07-15,55.74
2019-07-16,51.08
2019-07-17,53.37
2019-07-18,58.64
2019-07-19,56.24
2019-07-20,46.88
2019-07-21,41.75
2019-07-22,54.56
2019-07-23,60.06
2019-07-24,62.51
2019-07-25,60.93
2019-07-26,58.69
2019-07-27,49.18
2019-07-28,43.04
2019-07-29,57.7
2019-07-30,51.29
2019-07-31,54.44
2019-08-01,55.42
2019-08-02,54.97
2019-08-03,39.89
2019-08-04,39.68
2019-08-05,57.01
2019-08-06,55.28
2019-08-07,55.99
2019-08-08,56.39
2019-08-09,54.6
2019-08-10,35.69
2019-08-11,29.14
2019-08-12,51.8
2019-08-13,55.89
2019-08-14,55.81
2019-08-15,50.92
2019-08-16,50.66
2019-08-17,36.24
2019-08-18,34.36
2019-08-19,47.2
2019-08-20,45.78
2019-08-21,55.52
2019-08-22,53.66
2019-08-23,53.71
2019-08-24,45.92
2019-08-25,33.45
2019-08-26,55.52
2019-08-27,57.57
2019-08-28,57.79
2019-08-29,54.02
2019-08-30,55.09
2019-08-31,35.57
2019-09-01,37.05
2019-09-02,50.44
2019-09-03,54.51
2019-09-04,54.74
2019-09-05,50.53
2019-09-06,52.19
2019-09-07,47.51
2019-09-08,45.49
2019-09-09,61.23
2019-09-10,53.5
2019-09-11,46.59
2019-09-12,44.14
2019-09-13,47.95
2019-09-14,40.25
2019-09-15,22.29
2019-09-16,40.95
2019-09-17,49.19
2019-09-18,49.12
2019-09-19,48.47
2019-09-20,55.7
2019-09-21,38.72
2019-09-22,33.71
2019-09-23,53.16
2019-09-24,55.09
2019-09-25,54.93
2019-09-26,90.17
2019-09-27,57.1
2019-09-28,43.99
2019-09-29,39.01
2019-09-30,45.74
2019-10-01,44.51
2019-10-02,48.7
2019-10-03,49.88
2019-10-04,53.03
2019-10-05,40.49
2019-10-06,37.77
2019-10-07,57.53
2019-10-08,58.42
2019-10-09,55.04
2019-10-10,53.84
2019-10-11,49.96
2019-10-12,38.61
2019-10-13,36.29
2019-10-14,50.71
2019-10-15,50.39
2019-10-16,47.87
2019-10-17,54.07
2019-10-18,56.12
2019-10-19,39.38
2019-10-20,39.07
2019-10-21,52.85
2019-10-22,46.1
2019-10-23,51.43
2019-10-24,48.91
2019-10-25,44.66
2019-10-26,31.08
2019-10-27,36.35
2019-10-28,51.62
2019-10-29,51.2
2019-10-30,53.19
2019-10-31,49.23
2019-11-01,45.18
2019-11-02,35.53
2019-11-03,36.75
2019-11-04,45.3
2019-11-05,51.21
2019-11-06,57.11
2019-11-07,54.28
2019-11-08,55.04
2019-11-09,41.66
2019-11-10,42.02
2019-11-11,49.18
2019-11-12,46.71
2019-11-13,48.92
2019-11-14,47.48
2019-11-15,46.51
2019-11-16,43.14
2019-11-17,38.48
2019-11-18,50.94
2019-11-19,42.95
2019-11-20,47.12
2019-11-21,44.11
2019-11-22,42.14
2019-11-23,37.13
2019-11-24,38.05
2019-11-25,46.14
2019-11-26,54.63
2019-11-27,53.67
2019-11-28,45.3
2019-11-29,44.45
2019-11-30,40.46
2019-12-01,40.08
2019-12-02,48.16
2019-12-03,51.53
2019-12-04,46.36
2019-12-05,41.14
2019-12-06,40.19
2019-12-07,33.43
2019-12-08,29.97
2019-12-09,34.92
2019-12-10,46.36
2019-12-11,38.89
2019-12-12,44.7
2019-12-13,41.55
2019-12-14,33.74
2019-12-15,32.89
2019-12-16,48.08
2019-12-17,46.76
2019-12-18,45.11
2019-12-19,45.43
2019-12-20,41.25
2019-12-21,34.75
2019-12-22,35.46
2019-12-23,40.57
2019-12-24,37.18
2019-12-25,35.21
2019-12-26,36.63
2019-12-27,41.43
2019-12-28,33.83
2019-12-29,27.72
2019-12-30,27.23
2019-12-31,29.75
2020-01-01,27.04
2020-01-02,27.05
2020-01-03,24.13
2020-01-04,24.17
2020-01-05,33.05
2020-01-06,30.19
2020-01-07,33.2
2020-01-08,23.97
2020-01-09,32.86
2020-01-10,36.05
2020-01-11,24.65
2020-01-12,23.09
2020-01-13,35.63
2020-01-14,28.32
2020-01-15,27.26
2020-01-16,34.54
2020-01-17,34.66
2020-01-18,23.24
2020-01-19,30.75
2020-01-20,37.1
2020-01-21,28.09
2020-01-22,37.38
2020-01-23,40.68
2020-01-24,26.01
2020-01-25,24.06
2020-01-26,23.47
2020-01-27,42.36
2020-01-28,36.13
2020-01-29,36.94
2020-01-30,37.33
2020-01-31,31.99
2020-02-01,18.4
2020-02-02,15.94
2020-02-03,28.43
2020-02-04,36.78
2020-02-05,29.51
2020-02-06,27.58
2020-02-07,35.7
2020-02-08,22.64
2020-02-09,10.26
2020-02-10,18.45
2020-02-11,37.0
2020-02-12,43.08
2020-02-13,40.15
2020-02-14,42.87
2020-02-15,17.27
2020-02-16,9.29
2020-02-17,22.43
2020-02-18,25.92
2020-02-19,33.88
2020-02-20,36.53
2020-02-21,27.28
2020-02-22,8.69
2020-02-23,11.59
2020-02-24,29.64
2020-02-25,40.61
2020-02-26,39.73
2020-02-27,43.76
2020-02-28,36.58
2020-02-29,24.72
2020-03-01,18.44
2020-03-02,34.98
2020-03-03,34.49
2020-03-04,33.63
2020-03-05,34.03
2020-03-06,29.53
2020-03-07,23.62
2020-03-08,15.6
2020-03-09,30.48
2020-03-10,34.08
2020-03-11,27.3
2020-03-12,25.89
2020-03-13,20.6
2020-03-14,22.34
2020-03-15,7.75
2020-03-16,24.53
2020-03-17,27.06
2020-03-18,18.22
2020-03-19,23.47
2020-03-20,30.99
2020-03-21,19.38
2020-03-22,9.78
2020-03-23,25.92
2020-03-24,25.68
2020-03-25,15.79
2020-03-26,24.36
2020-03-27,26.41
2020-03-28,13.67
2020-03-29,11.87
2020-03-30,27.58
2020-03-31,26.27
2020-04-01,19.34
2020-04-02,23.54
2020-04-03,17.44
2020-04-04,19.57
2020-04-05,19.57
2020-04-06,23.38
2020-04-07,17.47
2020-04-08,21.29
2020-04-09,18.44
2020-04-10,23.74
2020-04-11,15.84
2020-04-12,3.99
2020-04-13,6.0
2020-04-14,29.5
2020-04-15,35.59
2020-04-16,28.01
2020-04-17,31.41
2020-04-18,21.08
2020-04-19,13.0
2020-04-20,30.5
2020-04-21,32.05
2020-04-22,34.32
2020-04-23,32.87
2020-04-24,30.66
2020-04-25,16.95
2020-04-26,20.17
2020-04-27,31.02
2020-04-28,32.73
2020-04-29,31.22
2020-04-30,29.71
2020-05-01,10.95
2020-05-02,21.28
2020-05-03,11.83
2020-05-04,32.38
2020-05-05,31.31
2020-05-06,26.78
2020-05-07,31.71
2020-05-08,33.66
2020-05-09,22.71
2020-05-10,20.95
2020-05-11,22.27
2020-05-12,30.68
2020-05-13,31.24
2020-05-14,34.65
2020-05-15,29.18
2020-05-16,14.3
2020-05-17,10.51
2020-05-18,45.5
2020-05-19,34.85
2020-05-20,31.43
2020-05-21,28.88
2020-05-22,31.32
2020-05-23,23.97
2020-05-24,9.17
2020-05-25,30.33
2020-05-26,31.97
2020-05-27,30.96
2020-05-28,21.44
2020-05-29,22.94
2020-05-30,11.05
2020-05-31,5.33
2020-06-01,28.61
2020-06-02,33.02
2020-06-03,36.42
2020-06-04,35.1
2020-06-05,28.7
2020-06-06,18.01
2020-06-07,32.91
2020-06-08,40.9
2020-06-09,43.07
2020-06-10,98.83
2020-06-11,35.74
2020-06-12,38.37
2020-06-13,26.14
2020-06-14,30.92
2020-06-15,45.02
2020-06-16,41.68
2020-06-17,38.81
2020-06-18,34.33
2020-06-19,29.35
2020-06-20,18.98
2020-06-21,14.21
2020-06-22,37.71
2020-06-23,47.56
2020-06-24,43.5
2020-06-25,80.45
2020-06-26,47.91
2020-06-27,31.87
2020-06-28,28.45
2020-06-29,34.79
2020-06-30,31.55
2020-07-01,31.53
2020-07-02,41.78
2020-07-03,41.27
2020-07-04,18.13
2020-07-05,25.08
2020-07-06,30.27
2020-07-07,27.99
2020-07-08,34.32
2020-07-09,37.12
2020-07-10,29.98
2020-07-11,27.49
2020-07-12,24.83
2020-07-13,35.9
2020-07-14,36.78
2020-07-15,35.16
2020-07-16,33.28
2020-07-17,41.02
2020-07-18,25.31
2020-07-19,24.35
2020-07-20,35.81
2020-07-21,27.41
2020-07-22,27.12
2020-07-23,30.92
2020-07-24,25.19
2020-07-25,20.9
2020-07-26,26.17
2020-07-27,24.45
2020-07-28,27.82
2020-07-29,24.28
2020-07-30,29.38
2020-07-31,34.21
2020-08-01,33.11
2020-08-02,28.32
2020-08-03,37.21
2020-08-04,36.91
2020-08-05,42.28
2020-08-06,44.7
2020-08-07,41.66
2020-08-08,26.7
2020-08-09,24.34
2020-08-10,39.09
2020-08-11,39.65
2020-08-12,46.07
2020-08-13,45.83
2020-08-14,40.65
2020-08-15,28.39
2020-08-16,22.75
2020-08-17,49.64
2020-08-18,72.22
2020-08-19,56.65
2020-08-20,50.23
2020-08-21,45.45
2020-08-22,26.34
2020-08-23,26.68
2020-08-24,48.66
2020-08-25,53.78
2020-08-26,42.42
2020-08-27,49.75
2020-08-28,45.69
2020-08-29,35.96
2020-08-30,35.16
2020-08-31,52.36
2020-09-01,51.43
2020-09-02,47.08
2020-09-03,44.98
2020-09-04,40.94
2020-09-05,30.87
2020-09-06,32.85
2020-09-07,45.6
2020-09-08,37.49
2020-09-09,44.41
2020-09-10,44.73
2020-09-11,48.91
2020-09-12,29.6
2020-09-13,22.9
2020-09-14,44.5
2020-09-15,67.47
2020-09-16,44.6
2020-09-17,42.26
2020-09-18,37.61
2020-09-19,38.04
2020-09-20,30.36
2020-09-21,28.33
2020-09-22,34.04
2020-09-23,33.77
2020-09-24,37.86
2020-09-25,36.55
2020-09-26,28.18
2020-09-27,19.74
2020-09-28,43.55
2020-09-29,53.5
2020-09-30,44.37
2020-10-01,38.41
2020-10-02,37.44
2020-10-03,31.81
2020-10-04,26.41
2020-10-05,41.54
2020-10-06,30.76
2020-10-07,37.28
2020-10-08,41.53
2020-10-09,37.46
2020-10-10,26.31
2020-10-11,30.15
2020-10-12,50.46
2020-10-13,47.08
2020-10-14,36.91
2020-10-15,38.32
2020-10-16,43.01
2020-10-17,31.12
2020-10-18,23.06
2020-10-19,39.51
2020-10-20,55.08
2020-10-21,36.89
2020-10-22,37.38
2020-10-23,38.09
2020-10-24,31.01
2020-10-25,26.86
2020-10-26,41.81
2020-10-27,47.39
2020-10-28,35.24
2020-10-29,40.41
2020-10-30,44.68
2020-10-31,43.83
2020-11-01,11.14
2020-11-02,26.89
2020-11-03,36.93
2020-11-04,38.43
2020-11-05,33.09
2020-11-06,42.95
2020-11-07,41.1
2020-11-08,36.34
2020-11-09,49.77
2020-11-10,62.81
2020-11-11,47.88
2020-11-12,48.52
2020-11-13,51.0
2020-11-14,43.31
2020-11-15,23.48
2020-11-16,32.06
2020-11-17,35.99
2020-11-18,33.94
2020-11-19,31.55
2020-11-20,57.91
2020-11-21,26.98
2020-11-22,14.52
2020-11-23,33.56
2020-11-24,38.23
2020-11-25,39.44
2020-11-26,50.2
2020-11-27,65.18
2020-11-28,46.95
2020-11-29,46.39
2020-11-30,83.04
2020-12-01,69.05
2020-12-02,68.16
2020-12-03,53.27
2020-12-04,41.99
2020-12-05,27.99
2020-12-06,21.01
2020-12-07,34.8
2020-12-08,47.81
2020-12-09,56.4
2020-12-10,65.05
2020-12-11,57.98
2020-12-12,48.3
2020-12-13,52.33
2020-12-14,106.26
2020-12-15,51.74
2020-12-16,56.82
2020-12-17,55.77
2020-12-18,45.62
2020-12-19,29.56
2020-12-20,31.3
2020-12-21,41.04
2020-12-22,35.23
2020-12-23,41.32
2020-12-24,21.43
2020-12-25,28.88
2020-12-26,33.59
2020-12-27,21.11
2020-12-28,33.41
2020-12-29,39.8
2020-12-30,44.06
2020-12-31,49.34
2021-01-01,36.26
2021-01-02,43.16
2021-01-03,31.61
2021-01-04,43.7
2021-01-05,47.37
2021-01-06,41.61
2021-01-07,67.89
2021-01-08,76.64
2021-01-09,55.02
2021-01-10,42.1
2021-01-11,48.75
2021-01-12,45.61
2021-01-13,53.31
2021-01-14,77.57
2021-01-15,78.31
2021-01-16,62.2
2021-01-17,53.95
2021-01-18,61.64
2021-01-19,59.46
2021-01-20,55.67
2021-01-21,50.18
2021-01-22,46.34
2021-01-23,44.08
2021-01-24,48.14
2021-01-25,60.13
2021-01-26,60.55
2021-01-27,57.97
2021-01-28,58.7
2021-01-29,55.53
2021-01-30,48.86
2021-01-31,48.33
2021-02-01,87.08
2021-02-02,67.85
2021-02-03,54.81
2021-02-04,60.64
2021-02-05,79.18
2021-02-06,45.57
2021-02-07,40.66
2021-02-08,59.41
2021-02-09,71.94
2021-02-10,73.76
2021-02-11,99.52
2021-02-12,82.36
2021-02-13,53.4
2021-02-14,46.23
2021-02-15,69.37
2021-02-16,65.63
2021-02-17,79.7
2021-02-18,68.11
2021-02-19,63.02
2021-02-20,54.39
2021-02-21,39.34
2021-02-22,55.88
2021-02-23,49.64
2021-02-24,41.13
2021-02-25,40.71
2021-02-26,36.82
2021-02-27,38.53
2021-02-28,30.68
2021-03-01,44.81
2021-03-02,53.06
2021-03-03,57.75
2021-03-04,52.37
2021-03-05,56.36
2021-03-06,30.04
2021-03-07,32.94
2021-03-08,56.33
2021-03-09,55.2
2021-03-10,62.81
2021-03-11,35.08
2021-03-12,36.29
2021-03-13,29.86
2021-03-14,32.15
2021-03-15,53.67
2021-03-16,55.17
2021-03-17,50.83
2021-03-18,55.2
2021-03-19,50.82
2021-03-20,22.69
2021-03-21,18.68
2021-03-22,48.38
2021-03-23,45.61
2021-03-24,38.96
2021-03-25,46.24
2021-03-26,47.45
2021-03-27,18.53
2021-03-28,19.46
2021-03-29,44.26
2021-03-30,45.93
2021-03-31,51.86
2021-04-01,44.07
2021-04-02,37.23
2021-04-03,27.66
2021-04-04,9.27
2021-04-05,8.31
2021-04-06,34.86
2021-04-07,48.47
2021-04-08,49.03
2021-04-09,20.18
2021-04-10,40.06
2021-04-11,37.52
2021-04-12,41.65
2021-04-13,50.98
2021-04-14,56.95
2021-04-15,53.88
2021-04-16,49.33
2021-04-17,43.65
2021-04-18,47.54
2021-04-19,54.44
2021-04-20,65.8
2021-04-21,50.72
2021-04-22,37.42
2021-04-23,40.97
2021-04-24,33.96
2021-04-25,22.44
2021-04-26,60.21
2021-04-27,64.8
2021-04-28,64.72
2021-04-29,57.65
2021-04-30,56.92
2021-05-01,49.83
2021-05-02,46.16
2021-05-03,59.96
2021-05-04,60.69
2021-05-05,49.92
2021-05-06,62.65
2021-05-07,64.99
2021-05-08,45.46
2021-05-09,25.7
2021-05-10,42.65
2021-05-11,41.93
2021-05-12,48.56
2021-05-13,38.61
2021-05-14,53.93
2021-05-15,22.48
2021-05-16,30.89
2021-05-17,62.04
2021-05-18,63.81
2021-05-19,61.45
2021-05-20,47.16
2021-05-21,34.36
2021-05-22,36.11
2021-05-23,23.67
2021-05-24,56.42
2021-05-25,59.0
2021-05-26,55.31
2021-05-27,65.1
2021-05-28,62.82
2021-05-29,42.27
2021-05-30,27.72
2021-05-31,57.62
2021-06-01,65.34
2021-06-02,67.82
2021-06-03,60.18
2021-06-04,67.52
2021-06-05,58.26
2021-06-06,55.62
2021-06-07,80.02
2021-06-08,82.13
2021-06-09,98.44
2021-06-10,82.7
2021-06-11,80.8
2021-06-12,49.45
2021-06-13,25.29
2021-06-14,72.42
2021-06-15,70.17
2021-06-16,88.6
2021-06-17,78.56
2021-06-18,67.93
2021-06-19,56.13
2021-06-20,46.85
2021-06-21,68.47
2021-06-22,80.91
2021-06-23,84.81
2021-06-24,78.4
2021-06-25,70.94
2021-06-26,79.4
2021-06-27,71.15
2021-06-28,89.49
2021-06-29,92.99
2021-06-30,83.64
2021-07-01,90.51
2021-07-02,98.07
2021-07-03,83.67
2021-07-04,77.92
2021-07-05,88.02
2021-07-06,87.22
2021-07-07,93.3
2021-07-08,80.67
2021-07-09,87.82
2021-07-10,77.92
2021-07-11,71.98
2021-07-12,97.35
2021-07-13,98.32
2021-07-14,108.64
2021-07-15,101.77
2021-07-16,91.74
2021-07-17,69.15
2021-07-18,45.42
2021-07-19,90.76
2021-07-20,86.62
2021-07-21,80.76
2021-07-22,80.17
2021-07-23,84.92
2021-07-24,72.43
2021-07-25,66.15
2021-07-26,84.12
2021-07-27,87.04
2021-07-28,84.47
2021-07-29,86.54
2021-07-30,77.84
2021-07-31,63.52
2021-08-01,57.77
2021-08-02,88.43
2021-08-03,96.44
2021-08-04,105.0
2021-08-05,94.85
2021-08-06,76.93
2021-08-07,59.32
2021-08-08,29.58
2021-08-09,86.54
2021-08-10,92.35
2021-08-11,98.66
2021-08-12,105.57
2021-08-13,93.89
2021-08-14,64.9
2021-08-15,62.46
2021-08-16,82.78
2021-08-17,73.44
2021-08-18,76.32
2021-08-19,87.87
2021-08-20,101.17
2021-08-21,103.15
2021-08-22,77.7
2021-08-23,103.09
2021-08-24,102.57
2021-08-25,97.09
2021-08-26,102.58
2021-08-27,95.87
2021-08-28,87.74
2021-08-29,81.01
2021-08-30,107.59
2021-08-31,108.85
2021-09-01,110.9
2021-09-02,111.82
2021-09-03,109.03
2021-09-04,105.09
2021-09-05,98.93
2021-09-06,120.88
2021-09-07,123.6
2021-09-08,127.41
2021-09-09,118.34
2021-09-10,127.55
2021-09-11,112.2
2021-09-12,105.99
2021-09-13,137.15
2021-09-14,142.48
2021-09-15,157.01
2021-09-16,145.45
2021-09-17,139.01
2021-09-18,122.18
2021-09-19,93.56
2021-09-20,145.63
2021-09-21,136.45
2021-09-22,141.55
2021-09-23,100.85
2021-09-24,93.62
2021-09-25,113.46
2021-09-26,110.12
2021-09-27,134.93
2021-09-28,149.53
2021-09-29,125.1
2021-09-30,111.22
2021-10-01,103.43
2021-10-02,76.79
2021-10-03,19.08
2021-10-04,138.91
2021-10-05,109.52
2021-10-06,108.27
2021-10-07,178.54
2021-10-08,166.3
2021-10-09,114.48
2021-10-10,86.59
2021-10-11,118.77
2021-10-12,140.03
2021-10-13,170.23
2021-10-14,155.99
2021-10-15,93.95
2021-10-16,42.78
2021-10-17,72.81
2021-10-18,142.88
2021-10-19,139.6
2021-10-20,67.0
2021-10-21,68.8
2021-10-22,66.95
2021-10-23,95.23
2021-10-24,80.66
2021-10-25,106.67
2021-10-26,153.93
2021-10-27,103.83
2021-10-28,107.35
2021-10-29,103.21
2021-10-30,74.8
2021-10-31,66.64
2021-11-01,68.83
2021-11-02,88.44
2021-11-03,103.34
2021-11-04,90.27
2021-11-05,56.26
2021-11-06,19.77
2021-11-07,31.4
2021-11-08,109.29
2021-11-09,87.54
2021-11-10,50.71
2021-11-11,93.58
2021-11-12,102.59
2021-11-13,136.27
2021-11-14,102.26
2021-11-15,161.42
2021-11-16,156.58
2021-11-17,115.44
2021-11-18,94.27
2021-11-19,86.11
2021-11-20,88.89
2021-11-21,113.76
2021-11-22,162.38
2021-11-23,155.53
2021-11-24,130.23
2021-11-25,119.78
2021-11-26,166.77
2021-11-27,177.16
2021-11-28,187.02
2021-11-29,266.48
2021-11-30,184.01
2021-12-01,166.76
2021-12-02,198.18
2021-12-03,186.74
2021-12-04,164.56
2021-12-05,150.01
2021-12-06,290.65
2021-12-07,477.86
2021-12-08,433.55
2021-12-09,268.14
2021-12-10,215.4
2021-12-11,198.89
2021-12-12,177.67
2021-12-13,212.59
2021-12-14,208.43
2021-12-15,147.69
2021-12-16,135.55
2021-12-17,166.2
2021-12-18,117.61
2021-12-19,86.57
2021-12-20,276.71
2021-12-21,408.05
2021-12-22,358.86
2021-12-23,172.33
2021-12-24,137.46
2021-12-25,129.3
2021-12-26,154.14
2021-12-27,158.45
2021-12-28,132.85
2021-12-29,153.35
2021-12-30,113.63
2021-12-31,80.84
2022-01-01,82.79
2022-01-02,56.26
2022-01-03,95.3
2022-01-04,145.62
2022-01-05,122.35
2022-01-06,172.5
2022-01-07,167.67
2022-01-08,156.81
2022-01-09,148.29
2022-01-10,248.84
2022-01-11,194.71
2022-01-12,180.69
2022-01-13,152.43
2022-01-14,96.74
2022-01-15,149.06
2022-01-16,102.18
2022-01-17,106.39
2022-01-18,170.59
2022-01-19,149.97
2022-01-20,98.27
2022-01-21,128.17
2022-01-22,168.22
2022-01-23,147.93
2022-01-24,153.23
2022-01-25,166.9
2022-01-26,162.73
2022-01-27,152.26
2022-01-28,130.67
2022-01-29,134.49
2022-01-30,75.41
2022-01-31,180.2
2022-02-01,182.87
2022-02-02,170.85
2022-02-03,177.01
2022-02-04,123.35
2022-02-05,74.54
2022-02-06,91.92
2022-02-07,112.12
2022-02-08,126.78
2022-02-09,115.68
2022-02-10,116.23
2022-02-11,120.2
2022-02-12,89.07
2022-02-13,24.11
2022-02-14,70.95
2022-02-15,96.79
2022-02-16,79.18
2022-02-17,63.53
2022-02-18,81.24
2022-02-19,63.85
2022-02-20,74.36
2022-02-21,77.85
2022-02-22,115.63
2022-02-23,110.72
2022-02-24,70.53
2022-02-25,86.32
2022-02-26,132.32
2022-02-27,118.57
2022-02-28,161.9
2022-03-01,153.98
2022-03-02,187.14
2022-03-03,122.6
2022-03-04,198.57
2022-03-05,162.48
2022-03-06,111.0
2022-03-07,208.62
2022-03-08,195.35
2022-03-09,202.86
2022-03-10,157.39
2022-03-11,143.18
2022-03-12,121.14
2022-03-13,85.55
2022-03-14,149.9
2022-03-15,163.19
2022-03-16,158.12
2022-03-17,147.06
2022-03-18,148.27
2022-03-19,124.25
2022-03-20,86.62
2022-03-21,163.29
2022-03-22,181.6
2022-03-23,185.07
2022-03-24,188.69
2022-03-25,157.62
2022-03-26,59.52
2022-03-27,78.43
2022-03-28,73.89
2022-03-29,199.81
2022-03-30,182.45
2022-03-31,188.31
2022-04-01,155.21
2022-04-02,112.13
2022-04-03,86.05
2022-04-04,68.21
2022-04-05,86.94
2022-04-06,120.53
2022-04-07,79.67
2022-04-08,48.16
2022-04-09,29.72
2022-04-10,20.33
2022-04-11,144.9
2022-04-12,154.82
2022-04-13,136.99
2022-04-14,115.67
2022-04-15,85.61
2022-04-16,62.62
2022-04-17,49.64
2022-04-18,89.14
2022-04-19,113.15
2022-04-20,74.22
2022-04-21,62.74
2022-04-22,93.14
2022-04-23,61.46
2022-04-24,82.97
2022-04-25,174.31
2022-04-26,156.8
2022-04-27,144.22
2022-04-28,131.85
2022-04-29,149.06
2022-04-30,131.17
2022-05-01,137.84
2022-05-02,134.09
2022-05-03,130.1
2022-05-04,187.83
2022-05-05,145.09
2022-05-06,175.91
2022-05-07,156.27
2022-05-08,112.27
2022-05-09,180.2
2022-05-10,121.21
2022-05-11,104.7
2022-05-12,106.07
2022-05-13,129.69
2022-05-14,112.44
2022-05-15,85.97
2022-05-16,146.34
2022-05-17,167.73
2022-05-18,191.42
2022-05-19,228.8
2022-05-20,243.93
2022-05-21,157.55
2022-05-22,140.08
2022-05-23,182.35
2022-05-24,168.67
2022-05-25,153.39
2022-05-26,139.48
2022-05-27,164.31
2022-05-28,117.41
2022-05-29,130.41
2022-05-30,183.82
2022-05-31,156.68
2022-06-01,149.78
2022-06-02,141.22
2022-06-03,159.07
2022-06-04,164.75
2022-06-05,89.78
2022-06-06,189.5
2022-06-07,169.17
2022-06-08,214.69
2022-06-09,208.63
2022-06-10,208.47
2022-06-11,128.38
2022-06-12,114.36
2022-06-13,173.77
2022-06-14,196.65
2022-06-15,185.0
2022-06-16,176.8
2022-06-17,227.6
2022-06-18,151.01
2022-06-19,119.79
2022-06-20,253.89
2022-06-21,212.92
2022-06-22,210.08
2022-06-23,142.66
2022-06-24,111.79
2022-06-25,121.99
2022-06-26,123.54
2022-06-27,197.58
2022-06-28,155.21
2022-06-29,252.22
2022-06-30,262.01
2022-07-01,217.15
2022-07-02,95.65
2022-07-03,83.63
2022-07-04,235.05
2022-07-05,204.55
2022-07-06,276.33
2022-07-07,207.52
2022-07-08,166.65
2022-07-09,149.3
2022-07-10,182.93
2022-07-11,406.24
2022-07-12,349.04
2022-07-13,372.62
2022-07-14,321.22
2022-07-15,290.38
2022-07-16,205.1
2022-07-17,140.85
2022-07-18,246.58
2022-07-19,199.44
2022-07-20,183.3
2022-07-21,265.63
2022-07-22,254.59
2022-07-23,199.3
2022-07-24,221.58
2022-07-25,184.28
2022-07-26,207.65
2022-07-27,175.01
2022-07-28,355.59
2022-07-29,243.83
2022-07-30,311.79
2022-07-31,291.61
2022-08-01,406.24
2022-08-02,379.18
2022-08-03,379.0
2022-08-04,207.19
2022-08-05,187.85
2022-08-06,208.89
2022-08-07,191.11
2022-08-08,509.35
2022-08-09,325.22
2022-08-10,302.1
2022-08-11,223.49
2022-08-12,383.25
2022-08-13,382.51
2022-08-14,365.01
2022-08-15,448.64
2022-08-16,504.13
2022-08-17,681.36
2022-08-18,554.62
2022-08-19,472.25
2022-08-20,133.51
2022-08-21,133.4
2022-08-22,392.4
2022-08-23,498.96
2022-08-24,415.03
2022-08-25,502.21
2022-08-26,462.1
2022-08-27,243.3
2022-08-28,183.78
2022-08-29,308.68
2022-08-30,463.14
2022-08-31,333.71
2022-09-01,342.86
2022-09-02,311.47
2022-09-03,165.95
2022-09-04,218.54
2022-09-05,355.74
2022-09-06,276.4
2022-09-07,375.1
2022-09-08,304.49
2022-09-09,264.78
2022-09-10,237.15
2022-09-11,278.71
2022-09-12,243.54
2022-09-13,73.88
2022-09-14,93.22
2022-09-15,152.58
2022-09-16,142.34
2022-09-17,160.94
2022-09-18,115.03
2022-09-19,177.69
2022-09-20,184.7
2022-09-21,330.35
2022-09-22,259.22
2022-09-23,230.35
2022-09-24,208.13
2022-09-25,188.57
2022-09-26,183.22
2022-09-27,147.47
2022-09-28,246.27
2022-09-29,233.34
2022-09-30,380.54
2022-10-01,246.3
2022-10-02,260.19
2022-10-03,271.65
2022-10-04,233.19
2022-10-05,249.86
2022-10-06,133.35
2022-10-07,152.88
2022-10-08,137.13
2022-10-09,133.58
2022-10-10,176.08
2022-10-11,208.74
2022-10-12,193.26
2022-10-13,203.79
2022-10-14,220.33
2022-10-15,143.68
2022-10-16,98.25
2022-10-17,153.06
2022-10-18,184.09
2022-10-19,154.6
2022-10-20,211.75
2022-10-21,250.24
2022-10-22,142.73
2022-10-23,112.29
2022-10-24,211.47
2022-10-25,148.99
2022-10-26,156.27
2022-10-27,164.18
2022-10-28,127.66
2022-10-29,61.93
2022-10-30,110.43
2022-10-31,146.59
2022-11-01,238.9
2022-11-02,165.51
2022-11-03,172.74
2022-11-04,164.68
2022-11-05,124.09
2022-11-06,106.95
2022-11-07,154.41
2022-11-08,164.58
2022-11-09,173.58
2022-11-10,179.79
2022-11-11,102.08
2022-11-12,125.38
2022-11-13,147.13
2022-11-14,185.03
2022-11-15,194.22
2022-11-16,301.34
2022-11-17,283.38
2022-11-18,273.04
2022-11-19,219.21
2022-11-20,214.93
2022-11-21,266.92
2022-11-22,269.18
2022-11-23,247.63
2022-11-24,273.49
2022-11-25,285.02
2022-11-26,260.53
2022-11-27,226.26
2022-11-28,284.9
2022-11-29,377.9
2022-11-30,394.23
2022-12-01,395.53
2022-12-02,369.49
2022-12-03,333.71
2022-12-04,303.34
2022-12-05,342.1
2022-12-06,382.92
2022-12-07,341.37
2022-12-08,389.15
2022-12-09,407.01
2022-12-10,351.63
2022-12-11,326.16
2022-12-12,398.03
2022-12-13,438.05
2022-12-14,445.76
2022-12-15,397.39
2022-12-16,411.0
2022-12-17,260.74
2022-12-18,180.66
2022-12-19,200.68
2022-12-20,201.68
2022-12-21,240.82
2022-12-22,197.6
2022-12-23,191.23
2022-12-24,116.26
2022-12-25,99.49
2022-12-26,41.18
2022-12-27,100.59
2022-12-28,136.39
2022-12-29,86.17
2022-12-30,57.04
2022-12-31,11.46
2023-01-01,20.56
2023-01-02,124.24
2023-01-03,132.93
2023-01-04,99.48
2023-01-05,115.15
2023-01-06,110.32
2023-01-07,94.23
2023-01-08,57.52
2023-01-09,114.38
2023-01-10,124.44
2023-01-11,84.93
2023-01-12,78.54
2023-01-13,79.49
2023-01-14,63.82
2023-01-15,18.26
2023-01-16,78.26
2023-01-17,72.76
2023-01-18,112.04
2023-01-19,138.43
2023-01-20,164.33
2023-01-21,125.86
2023-01-22,122.76
2023-01-23,173.0
2023-01-24,140.64
2023-01-25,90.45
2023-01-26,137.49
2023-01-27,133.93
2023-01-28,80.71
2023-01-29,36.99
2023-01-30,64.73
2023-01-31,90.16
2023-02-01,119.21
2023-02-02,139.59
2023-02-03,131.5
2023-02-04,130.53
2023-02-05,111.18
2023-02-06,155.63
2023-02-07,150.45
2023-02-08,115.51
2023-02-09,77.09
2023-02-10,73.03
2023-02-11,87.18
2023-02-12,102.68
2023-02-13,112.95
2023-02-14,139.45
2023-02-15,133.98
2023-02-16,122.39
2023-02-17,107.94
2023-02-18,76.69
2023-02-19,81.51
2023-02-20,83.66
2023-02-21,118.76
2023-02-22,140.72
2023-02-23,113.96
2023-02-24,119.46
2023-02-25,71.22
2023-02-26,85.58
2023-02-27,143.44
2023-02-28,121.18
2023-03-01,127.61
2023-03-02,115.71
2023-03-03,100.56
2023-03-04,90.23
2023-03-05,118.93
2023-03-06,150.44
2023-03-07,118.78
2023-03-08,133.63
2023-03-09,134.96
2023-03-10,115.15
2023-03-11,101.05
2023-03-12,79.95
2023-03-13,68.35
2023-03-14,80.64
2023-03-15,110.71
2023-03-16,94.29
2023-03-17,65.67
2023-03-18,31.82
2023-03-19,65.27
2023-03-20,98.61
2023-03-21,88.04
2023-03-22,43.01
2023-03-23,35.58
2023-03-24,39.71
2023-03-25,28.99
2023-03-26,48.96
2023-03-27,65.89
2023-03-28,79.57
2023-03-29,108.52
2023-03-30,79.24
2023-03-31,79.61
2023-04-01,42.63
2023-04-02,53.94
2023-04-03,103.31
2023-04-04,122.14
2023-04-05,122.62
2023-04-06,94.65
2023-04-07,54.98
2023-04-08,54.5
2023-04-09,50.73
2023-04-10,26.03
2023-04-11,42.83
2023-04-12,36.27
2023-04-13,23.53
2023-04-14,37.98
2023-04-15,43.86
2023-04-16,73.77
2023-04-17,104.52
2023-04-18,85.05
2023-04-19,54.69
2023-04-20,58.53
2023-04-21,73.01
2023-04-22,36.35
2023-04-23,36.8
2023-04-24,74.68
2023-04-25,63.19
2023-04-26,84.43
2023-04-27,106.82
2023-04-28,104.64
2023-04-29,67.89
2023-04-30,41.99
2023-05-01,54.02
2023-05-02,89.55
2023-05-03,88.7
2023-05-04,93.88
2023-05-05,84.26
2023-05-06,72.92
2023-05-07,60.39
2023-05-08,84.27
2023-05-09,62.59
2023-05-10,57.52
2023-05-11,73.8
2023-05-12,81.58
2023-05-13,60.64
2023-05-14,51.31
2023-05-15,67.19
2023-05-16,81.85
2023-05-17,71.06
2023-05-18,69.85
2023-05-19,72.27
2023-05-20,37.94
2023-05-21,30.58
2023-05-22,79.03
2023-05-23,79.17
2023-05-24,78.37
2023-05-25,73.75
2023-05-26,55.96
2023-05-27,62.43
2023-05-28,38.18
2023-05-29,35.76
2023-05-30,54.54
2023-05-31,32.86
2023-06-01,75.45
2023-06-02,79.62
2023-06-03,55.69
2023-06-04,52.84
2023-06-05,92.78
2023-06-06,99.4
2023-06-07,99.36
2023-06-08,108.94
2023-06-09,86.16
2023-06-10,57.76
2023-06-11,46.02
2023-06-12,99.03
2023-06-13,109.28
2023-06-14,112.39
2023-06-15,132.16
2023-06-16,97.39
2023-06-17,95.55
2023-06-18,89.25
2023-06-19,114.05
2023-06-20,101.26
2023-06-21,103.56
2023-06-22,112.65
2023-06-23,57.64
2023-06-24,62.23
2023-06-25,63.39
2023-06-26,122.67
2023-06-27,107.75
2023-06-28,114.51
2023-06-29,117.93
2023-06-30,100.16
2023-07-01,53.92
2023-07-02,5.88
2023-07-03,31.18
2023-07-04,73.15
2023-07-05,80.01
2023-07-06,101.7
2023-07-07,86.03
2023-07-08,58.93
2023-07-09,60.08
2023-07-10,107.61
2023-07-11,104.95
2023-07-12,99.06
2023-07-13,110.85
2023-07-14,99.0
2023-07-15,29.37
2023-07-16,32.7
2023-07-17,70.89
2023-07-18,82.5
2023-07-19,97.39
2023-07-20,103.51
2023-07-21,93.48
2023-07-22,74.48
2023-07-23,40.59
2023-07-24,116.12
2023-07-25,113.14
2023-07-26,123.33
2023-07-27,102.9
2023-07-28,103.73
2023-07-29,73.01
2023-07-30,49.36
2023-07-31,80.97
2023-08-01,73.35
2023-08-02,64.44
2023-08-03,40.49
2023-08-04,74.36
2023-08-05,73.26
2023-08-06,32.1
2023-08-07,30.02
2023-08-08,16.46
2023-08-09,85.43
2023-08-10,99.38
2023-08-11,104.63
2023-08-12,66.45
2023-08-13,46.66
2023-08-14,74.68
2023-08-15,52.86
2023-08-16,22.25
2023-08-17,29.91
2023-08-18,128.11
2023-08-19,128.87
2023-08-20,124.06
2023-08-21,243.94
2023-08-22,169.65
2023-08-23,146.35
2023-08-24,152.38
2023-08-25,146.08
2023-08-26,109.77
2023-08-27,104.24
2023-08-28,135.36
2023-08-29,100.85
2023-08-30,129.34
2023-08-31,123.62
2023-09-01,118.33
2023-09-02,85.41
2023-09-03,71.51
2023-09-04,147.52
2023-09-05,95.75
2023-09-06,130.35
2023-09-07,168.69
2023-09-08,124.48
2023-09-09,110.39
2023-09-10,82.39
2023-09-11,186.98
2023-09-12,111.56
2023-09-13,137.06
2023-09-14,124.13
2023-09-15,154.14
2023-09-16,120.0
2023-09-17,111.93
2023-09-18,132.68
2023-09-19,88.95
2023-09-20,116.67
2023-09-21,158.0
2023-09-22,90.27
2023-09-23,110.21
2023-09-24,40.15
2023-09-25,105.21
2023-09-26,110.05
2023-09-27,103.21
2023-09-28,90.21
2023-09-29,92.98
2023-09-30,76.41
2023-10-01,59.34
2023-10-02,148.1
2023-10-03,65.74
2023-10-04,57.09
2023-10-05,75.36
2023-10-06,85.56
2023-10-07,7.62
2023-10-08,14.93
2023-10-09,115.25
2023-10-10,121.63
2023-10-11,60.94
2023-10-12,54.13
2023-10-13,92.82
2023-10-14,20.06
2023-10-15,29.85
2023-10-16,110.52
2023-10-17,105.17
2023-10-18,92.54
2023-10-19,99.09
2023-10-20,61.31
2023-10-21,59.95
2023-10-22,89.79
2023-10-23,171.15
2023-10-24,139.79
2023-10-25,125.81
2023-10-26,133.65
2023-10-27,154.78
2023-10-28,141.31
2023-10-29,47.53
2023-10-30,92.1
2023-10-31,79.19
2023-11-01,50.86
2023-11-02,71.95
2023-11-03,56.27
2023-11-04,23.06
2023-11-05,34.42
2023-11-06,91.52
2023-11-07,117.95
2023-11-08,127.25
2023-11-09,94.31
2023-11-10,91.97
2023-11-11,90.55
2023-11-12,93.59
2023-11-13,104.7
2023-11-14,101.3
2023-11-15,105.3
2023-11-16,132.37
2023-11-17,119.78
2023-11-18,99.31
2023-11-19,66.91
2023-11-20,118.78
2023-11-21,286.54
2023-11-22,116.32
2023-11-23,60.57
2023-11-24,83.63
2023-11-25,95.34
2023-11-26,119.86
2023-11-27,132.16
2023-11-28,136.9
2023-11-29,168.18
2023-11-30,168.64
2023-12-01,157.98
2023-12-02,137.17
2023-12-03,134.13
2023-12-04,156.21
2023-12-05,173.48
2023-12-06,135.28
2023-12-07,129.33
2023-12-08,135.34
2023-12-09,104.11
2023-12-10,84.73
2023-12-11,131.27
2023-12-12,149.31
2023-12-13,124.39
2023-12-14,133.39
2023-12-15,133.09
2023-12-16,65.14
2023-12-17,29.21
2023-12-18,58.72
2023-12-19,35.01
2023-12-20,66.04
2023-12-21,58.34
2023-12-22,35.89
2023-12-23,35.68
2023-12-24,40.09
2023-12-25,31.88
2023-12-26,40.91
2023-12-27,58.68
2023-12-28,45.35
2023-12-29,27.83
2023-12-30,42.06
2023-12-31,66.01
2024-01-01,45.96
2024-01-02,173.29
2024-01-03,102.31
2024-01-04,223.49
2024-01-05,888.09
2024-01-06,169.75
2024-01-07,96.74
2024-01-08,114.4
2024-01-09,109.1
2024-01-10,108.85
2024-01-11,105.06
2024-01-12,130.08
2024-01-13,74.68
2024-01-14,76.21
2024-01-15,99.4
2024-01-16,149.11
2024-01-17,108.36
2024-01-18,94.29
2024-01-19,84.3
2024-01-20,84.92
2024-01-21,57.98
2024-01-22,62.51
2024-01-23,52.9
2024-01-24,75.31
2024-01-25,79.69
2024-01-26,105.6
2024-01-27,111.18
2024-01-28,85.77
2024-01-29,82.51
2024-01-30,92.43
2024-01-31,76.23
2024-02-01,59.0
2024-02-02,66.87
2024-02-03,41.42
2024-02-04,30.96
2024-02-05,64.75
2024-02-06,121.06
2024-02-07,102.31
2024-02-08,107.73
2024-02-09,141.6
2024-02-10,91.14
2024-02-11,70.0
2024-02-12,83.25
2024-02-13,104.57
2024-02-14,91.01
2024-02-15,85.13
2024-02-16,54.44
2024-02-17,55.67
2024-02-18,58.32
2024-02-19,73.32
2024-02-20,76.25
2024-02-21,68.89
2024-02-22,61.8
2024-02-23,58.73
2024-02-24,55.96
2024-02-25,60.15
2024-02-26,75.86
2024-02-27,81.16
2024-02-28,83.52
2024-02-29,66.85
2024-03-01,51.19
2024-03-02,46.26
2024-03-03,59.15
2024-03-04,78.93
2024-03-05,75.17
2024-03-06,83.43
2024-03-07,90.14
2024-03-08,85.89
2024-03-09,72.34
2024-03-10,42.01
2024-03-11,64.53
2024-03-12,85.34
2024-03-13,92.79
2024-03-14,62.32
2024-03-15,47.06
2024-03-16,47.36
2024-03-17,51.58
2024-03-18,86.57
2024-03-19,97.15
2024-03-20,129.01
2024-03-21,105.87
2024-03-22,70.43
2024-03-23,45.43
2024-03-24,57.08
2024-03-25,93.24
2024-03-26,88.96
2024-03-27,49.7
2024-03-28,39.43
2024-03-29,25.55
2024-03-30,45.13
2024-03-31,44.99
2024-04-01,29.19
2024-04-02,37.25
2024-04-03,73.99
2024-04-04,85.95
2024-04-05,55.97
2024-04-06,57.01
2024-04-07,4.3
2024-04-08,67.98
2024-04-09,52.97
2024-04-10,15.84
2024-04-11,9.08
2024-04-12,32.38
2024-04-13,12.82
2024-04-14,4.43
2024-04-15,70.7
2024-04-16,75.11
2024-04-17,100.87
2024-04-18,96.83
2024-04-19,85.67
2024-04-20,63.28
2024-04-21,64.33
2024-04-22,99.47
2024-04-23,102.99
2024-04-24,106.47
2024-04-25,95.75
2024-04-26,86.55
2024-04-27,62.33
2024-04-28,25.53
2024-04-29,74.91
2024-04-30,63.24
2024-05-01,19.38
2024-05-02,32.24
2024-05-03,48.47
2024-05-04,62.4
2024-05-05,49.02
2024-05-06,78.41
2024-05-07,97.03
2024-05-08,134.38
2024-05-09,79.72
2024-05-10,88.06
2024-05-11,55.37
2024-05-12,37.32
2024-05-13,128.04
2024-05-14,82.68
2024-05-15,49.26
2024-05-16,68.58
2024-05-17,57.02
2024-05-18,55.25
2024-05-19,55.47
2024-05-20,80.18
2024-05-21,81.3
2024-05-22,53.13
2024-05-23,75.82
2024-05-24,87.53
2024-05-25,71.05
2024-05-26,58.3
2024-05-27,103.09
2024-05-28,90.92
2024-05-29,117.49
2024-05-30,158.54
2024-05-31,100.51
2024-06-01,75.05
2024-06-02,51.2
2024-06-03,128.14
2024-06-04,125.58
2024-06-05,113.15
2024-06-06,103.34
2024-06-07,105.24
2024-06-08,57.62
2024-06-09,32.31
2024-06-10,104.28
2024-06-11,82.29
2024-06-12,99.63
2024-06-13,138.53
2024-06-14,130.77
2024-06-15,30.1
2024-06-16,40.69
2024-06-17,121.55
2024-06-18,113.63
2024-06-19,104.97
2024-06-20,101.37
2024-06-21,111.36
2024-06-22,53.97
2024-06-23,58.02
2024-06-24,107.76
2024-06-25,130.8
2024-06-26,114.04
2024-06-27,110.04
2024-06-28,87.9
2024-06-29,73.03
2024-06-30,42.73
2024-07-01,139.14
2024-07-02,169.28
2024-07-03,129.36
2024-07-04,127.6
2024-07-05,67.85
2024-07-06,17.71
2024-07-07,46.33
2024-07-08,130.97
2024-07-09,96.71
2024-07-10,108.61
2024-07-11,120.18
2024-07-12,123.6
2024-07-13,62.65
2024-07-14,65.98
2024-07-15,123.22
2024-07-16,107.18
2024-07-17,101.75
2024-07-18,87.5
2024-07-19,100.87
2024-07-20,86.6
2024-07-21,96.97
2024-07-22,108.12
2024-07-23,111.73
2024-07-24,105.46
2024-07-25,119.79
2024-07-26,106.96
2024-07-27,92.87
2024-07-28,56.18
2024-07-29,63.12
2024-07-30,80.7
2024-07-31,82.16
2024-08-01,106.28
2024-08-02,163.26
2024-08-03,93.7
2024-08-04,98.23
2024-08-05,125.36
2024-08-06,93.54
2024-08-07,124.67
2024-08-08,116.03
2024-08-09,97.23
2024-08-10,56.83
2024-08-11,50.97
2024-08-12,94.21
2024-08-13,110.74
2024-08-14,138.44
2024-08-15,87.97
2024-08-16,112.87
2024-08-17,100.83
2024-08-18,94.22
2024-08-19,132.81
2024-08-20,126.18
2024-08-21,124.93
2024-08-22,112.67
2024-08-23,100.38
2024-08-24,80.56
2024-08-25,45.74
2024-08-26,131.0
2024-08-27,111.1
2024-08-28,116.56
2024-08-29,129.43
2024-08-30,130.52
2024-08-31,108.23
2024-09-01,84.55
2024-09-02,155.2
2024-09-03,155.74
2024-09-04,115.16
2024-09-05,84.77
2024-09-06,64.06
2024-09-07,35.76
2024-09-08,22.04
2024-09-09,4.66
2024-09-10,56.64
2024-09-11,79.1
2024-09-12,142.1
2024-09-13,189.48
2024-09-14,65.55
2024-09-15,94.92
2024-09-16,174.58
2024-09-17,129.11
2024-09-18,95.82
2024-09-19,87.68
2024-09-20,100.11
2024-09-21,63.29
2024-09-22,98.36
2024-09-23,102.29
2024-09-24,54.77
2024-09-25,26.03
2024-09-26,43.28
2024-09-27,13.8
2024-09-28,42.56
2024-09-29,33.83
2024-09-30,101.75
2024-10-01,96.85
2024-10-02,242.17
2024-10-03,185.05
2024-10-04,106.31
2024-10-05,115.97
2024-10-06,71.89
2024-10-07,133.87
2024-10-08,70.08
2024-10-09,27.15
2024-10-10,29.38
2024-10-11,67.52
2024-10-12,78.45
2024-10-13,17.24
2024-10-14,135.64
2024-10-15,112.56
2024-10-16,88.06
2024-10-17,33.5
2024-10-18,19.98
2024-10-19,8.38
2024-10-20,2.23
2024-10-21,104.38
2024-10-22,130.31
2024-10-23,56.05
2024-10-24,135.31
2024-10-25,147.75
2024-10-26,128.86
2024-10-27,146.87
2024-10-28,121.75
2024-10-29,158.47
2024-10-30,14.27
2024-10-31,49.8
2024-11-01,5.92
2024-11-02,10.04
2024-11-03,16.91
2024-11-04,105.82
2024-11-05,99.3
2024-11-06,105.25
2024-11-07,109.9
2024-11-08,86.62
2024-11-09,68.23
2024-11-10,105.8
2024-11-11,111.66
2024-11-12,141.6
2024-11-13,119.61
2024-11-14,86.97
2024-11-15,79.62
2024-11-16,2.98
2024-11-17,22.23
2024-11-18,96.21
2024-11-19,125.25
2024-11-20,88.51
2024-11-21,107.68
2024-11-22,127.11
2024-11-23,72.51
2024-11-24,14.93
2024-11-25,14.29
2024-11-26,96.98
2024-11-27,138.29
2024-11-28,129.51
2024-11-29,128.99
2024-11-30,58.38
2024-12-01,39.16
2024-12-02,73.69
2024-12-03,103.21
2024-12-04,129.37
2024-12-05,60.15
2024-12-06,96.94
2024-12-07,93.69
2024-12-08,88.27
2024-12-09,112.99
2024-12-10,147.97
2024-12-11,224.74
2024-12-12,153.54
2024-12-13,141.27
2024-12-14,45.34
2024-12-15,43.67
2024-12-16,37.84
2024-12-17,103.74
2024-12-18,139.26
2024-12-19,33.67
2024-12-20,45.03
2024-12-21,41.27
2024-12-22,23.54
2024-12-23,103.54
2024-12-24,71.18
2024-12-25,11.15
2024-12-26,37.57
2024-12-27,142.99
2024-12-28,123.6
2024-12-29,57.85
2024-12-30,38.01
2024-12-31,48.19
2025-01-01,62.51
2025-01-02,98.69
2025-01-03,89.94
2025-01-04,94.35
2025-01-05,91.92
2025-01-06,79.3
2025-01-07,79.32
2025-01-08,110.19
2025-01-09,110.2
2025-01-10,96.11
2025-01-11,79.43
2025-01-12,80.36
2025-01-13,96.11
2025-01-14,60.6
2025-01-15,152.88
2025-01-16,70.32
2025-01-17,54.6
2025-01-18,42.65
2025-01-19,59.73
2025-01-20,181.11
2025-01-21,151.6
2025-01-22,151.65
2025-01-23,96.75
2025-01-24,102.78
2025-01-25,17.11
2025-01-26,76.77
2025-01-27,75.88
2025-01-28,100.94
2025-01-29,89.3
2025-01-30,83.0
2025-01-31,121.77
2025-02-01,108.22
2025-02-02,133.5
2025-02-03,154.69
2025-02-04,159.63
2025-02-05,121.42
2025-02-06,136.75
2025-02-07,113.64
2025-02-08,65.27
2025-02-09,131.24
2025-02-10,149.52
2025-02-11,189.64
2025-02-12,227.78
2025-02-13,172.95
2025-02-14,183.08
2025-02-15,266.2
2025-02-16,151.26
2025-02-17,157.24
2025-02-18,169.95
2025-02-19,175.58
2025-02-20,151.14
2025-02-21,93.54
2025-02-22,104.57
2025-02-23,113.38
2025-02-24,136.91
2025-02-25,132.23
2025-02-26,164.46
2025-02-27,196.11
2025-02-28,193.46
2025-03-01,132.09
2025-03-02,64.78
2025-03-03,24.02
2025-03-04,27.22
2025-03-05,23.5
2025-03-06,30.71
2025-03-07,97.48
2025-03-08,68.84
2025-03-09,119.35
2025-03-10,122.11
2025-03-11,126.98
2025-03-12,150.0
2025-03-13,173.22
2025-03-14,124.33
2025-03-15,60.32
2025-03-16,22.2
2025-03-17,82.7
2025-03-18,64.61
2025-03-19,57.66
2025-03-20,95.1
2025-03-21,109.86
2025-03-22,6.49
2025-03-23,14.92
2025-03-24,120.82
2025-03-25,88.93
2025-03-26,188.75
2025-03-27,88.78
2025-03-28,109.84
2025-03-29,33.26
2025-03-30,114.4
2025-03-31,260.3
2025-04-01,145.53
2025-04-02,67.5
2025-04-03,60.66
2025-04-04,44.03
2025-04-05,29.07
2025-04-06,51.79
2025-04-07,94.38
2025-04-08,88.08
2025-04-09,28.83
2025-04-10,67.36
2025-04-11,76.07
2025-04-12,59.67
2025-04-13,33.9
2025-04-14,43.04
2025-04-15,38.78
2025-04-16,21.85
2025-04-17,84.15
2025-04-18,52.89
2025-04-19,70.53
2025-04-20,69.63
2025-04-21,71.03
2025-04-22,149.68
2025-04-23,101.13
2025-04-24,132.04
2025-04-25,101.44
2025-04-26,52.14
2025-04-27,56.98
2025-04-28,66.04
2025-04-29,73.69
2025-04-30,155.27
2025-05-01,79.28
2025-05-02,37.74
2025-05-03,40.55
2025-05-04,50.79
2025-05-05,59.42
2025-05-06,77.89
2025-05-07,99.11
2025-05-08,109.75
2025-05-09,157.29
2025-05-10,71.23
2025-05-11,62.94
2025-05-12,88.75
2025-05-13,85.48
2025-05-14,91.55
2025-05-15,55.65
2025-05-16,51.67
2025-05-17,33.42
2025-05-18,35.37
2025-05-19,65.1
2025-05-20,56.99
2025-05-21,43.36
2025-05-22,75.54
2025-05-23,96.68
2025-05-24,75.62
2025-05-25,23.01
2025-05-26,92.11
2025-05-27,56.05
2025-05-28,89.97
2025-05-29,66.93
2025-05-30,20.98
2025-05-31,44.44
2025-06-01,28.12
2025-06-02,54.63
2025-06-03,67.29
2025-06-04,45.98
2025-06-05,83.49
2025-06-06,50.41
2025-06-07,31.42
2025-06-08,32.55
2025-06-09,96.66
2025-06-10,79.21
2025-06-11,136.04
2025-06-12,58.31
2025-06-13,51.45
2025-06-14,34.34
2025-06-15,59.05
2025-06-16,58.81
2025-06-17,43.46
2025-06-18,50.54
2025-06-19,29.96
2025-06-20,7.92
2025-06-21,1.58
2025-06-22,12.19
2025-06-23,2.22
2025-06-24,3.05
2025-06-25,2.89
2025-06-26,56.23
2025-06-27,54.72
2025-06-28,3.2
2025-06-29,-2.42
2025-06-30,2.63
2025-07-01,27.94
2025-07-02,47.8
2025-07-03,5.78
2025-07-04,4.07
2025-07-05,24.99
2025-07-06,18.18
2025-07-07,61.61
2025-07-08,53.8
2025-07-09,77.88
2025-07-10,53.33
2025-07-11,7.54
2025-07-12,10.34
2025-07-13,15.12
2025-07-14,35.53
2025-07-15,54.46
2025-07-16,48.79
2025-07-17,39.88
2025-07-18,35.07
2025-07-19,24.82
2025-07-20,28.59
2025-07-21,50.99
2025-07-22,40.61
2025-07-23,54.85
2025-07-24,74.59
2025-07-25,52.72
2025-07-26,29.03
2025-07-27,38.79
2025-07-28,32.11
2025-07-29,10.46
2025-07-30,32.56
2025-07-31,54.09
2025-08-01,90.54
2025-08-02,46.53
2025-08-03,28.88
2025-08-04,35.94
2025-08-05,5.85
2025-08-06,2.66
2025-08-07,31.83
2025-08-08,77.53
2025-08-09,44.32
2025-08-10,22.97
2025-08-11,75.66
2025-08-12,106.14
2025-08-13,114.55
2025-08-14,117.87
2025-08-15,54.31
2025-08-16,12.47
2025-08-17,38.46
2025-08-18,95.66
2025-08-19,52.04
2025-08-20,110.65
2025-08-21,145.97
2025-08-22,207.24
2025-08-23,82.33
2025-08-24,60.34
2025-08-25,80.33
2025-08-26,113.82
2025-08-27,109.0
2025-08-28,139.17
2025-08-29,112.26
2025-08-30,82.76
2025-08-31,97.88
2025-09-01,103.53
2025-09-02,107.15
2025-09-03,95.69
2025-09-04,106.07
2025-09-05,99.34
2025-09-06,86.84
2025-09-07,80.77
2025-09-08,111.18
2025-09-09,109.82
2025-09-10,90.14
2025-09-11,65.22
2025-09-12,100.1
2025-09-13,81.72
2025-09-14,73.14
2025-09-15,78.52
2025-09-16,66.47
2025-09-17,81.0
2025-09-18,84.67
2025-09-19,95.38
2025-09-20,49.75
2025-09-21,46.22
2025-09-22,67.67
2025-09-23,67.27
2025-09-24,74.95
2025-09-25,95.69
2025-09-26,100.24
2025-09-27,87.17
2025-09-28,59.37
2025-09-29,72.91
2025-09-30,93.16
2025-10-01,124.25
2025-10-02,108.99
2025-10-03,124.56
2025-10-04,6.27
2025-10-05,7.69
2025-10-06,132.25
2025-10-07,175.62
2025-10-08,67.43
2025-10-09,130.61
2025-10-10,91.34
2025-10-11,4.51
2025-10-12,5.17
2025-10-13,71.76
2025-10-14,197.27
2025-10-15,128.73
2025-10-16,78.34
2025-10-17,134.72
2025-10-18,71.32
2025-10-19,83.87
2025-10-20,167.69
2025-10-21,25.92
2025-10-22,76.73
2025-10-23,102.33
2025-10-24,88.98
2025-10-25,38.05
2025-10-26,45.17
2025-10-27,129.66
2025-10-28,105.39
2025-10-29,118.44
2025-10-30,59.67
2025-10-31,79.63
2025-11-01,66.3
2025-11-02,33.15
2025-11-03,184.25
2025-11-04,52.9
2025-11-05,16.06
2025-11-06,81.77
2025-11-07,75.45
2025-11-08,72.7
2025-11-09,102.53
2025-11-10,140.53
2025-11-11,128.82
2025-11-12,68.04
2025-11-13,20.66
2025-11-14,99.7
2025-11-15,30.75
2025-11-16,59.85
2025-11-17,127.6
2025-11-18,110.34
2025-11-19,121.33
2025-11-20,129.5
2025-11-21,143.71
2025-11-22,69.88
2025-11-23,83.33
2025-11-24,176.49
2025-11-25,237.61
2025-11-26,156.68
2025-11-27,180.73
2025-11-28,21.41
2025-11-29,9.4
2025-11-30,67.26
2025-12-01,150.99
2025-12-02,125.03
2025-12-03,108.43
2025-12-04,161.58
2025-12-05,126.96
2025-12-06,47.13
2025-12-07,63.49
2025-12-08,69.81
2025-12-09,75.65
2025-12-10,77.55
2025-12-11,50.11
2025-12-12,113.04
2025-12-13,91.02
2025-12-14,37.46
2025-12-15,53.48
2025-12-16,100.97
2025-12-17,91.03
2025-12-18,88.09
2025-12-19,54.16
2025-12-20,52.13
2025-12-21,32.3
2025-12-22,97.4
2025-12-23,81.43
2025-12-24,74.07
2025-12-25,2.58
